{"stats":{"minecraft:killed":{"minecraft:spider":2,"minecraft:skeleton":21,"minecraft:chicken":11,"minecraft:piglin_brute":6,"minecraft:piglin":7,"minecraft:creeper":3,"minecraft:sheep":12,"minecraft:trader_llama":1,"minecraft:zombie":5,"minecraft:cow":7,"mca:female_zombie_villager":1,"minecraft:drowned":2,"minecraft:husk":27},"minecraft:dropped":{"minecraft:iron_sword":1,"minecraft:moss_block":2,"minecraft:dark_oak_stairs":2,"minecraft:porkchop":2,"minecraft:stripped_mangrove_wood":2,"minecraft:saddle":1,"minecraft:red_mushroom":3,"minecraft:dirt":16,"minecraft:crimson_roots":1,"minecraft:cut_sandstone":1,"minecraft:bone_block":2,"minecraft:iron_pickaxe":1,"minecraft:acacia_door":2,"minecraft:dark_oak_planks":3,"minecraft:white_wool":6,"minecraft:cyan_carpet":2,"minecraft:bone":3,"minecraft:gravel":17,"minecraft:stone_axe":2,"minecraft:cobbled_deepslate":4,"minecraft:wheat":2,"minecraft:rotten_flesh":23,"minecraft:oak_planks":4,"minecraft:gunpowder":2,"minecraft:acacia_sapling":3,"minecraft:red_nether_bricks":1,"minecraft:arrow":1,"minecraft:stone_brick_stairs":1,"minecraft:wheat_seeds":32,"minecraft:apple":1,"minecraft:acacia_log":7,"minecraft:mushroom_stew":1,"minecraft:wooden_axe":1,"minecraft:melon_slice":15,"minecraft:potion":1,"mekanism:raw_osmium":11,"minecraft:iron_axe":1,"minecraft:iron_shovel":1,"minecraft:gray_carpet":6,"minecraft:oak_trapdoor":1,"minecraft:bowl":1,"minecraft:flint_and_steel":1,"minecraft:filled_map":2,"minecraft:hay_block":11,"minecraft:oak_sapling":24,"minecraft:waxed_oxidized_cut_copper":2,"minecraft:spider_eye":1,"minecraft:stone_pickaxe":1,"minecraft:wooden_pickaxe":1,"minecraft:calcite":3},"minecraft:picked_up":{"minecraft:iron_chestplate":2,"minecraft:black_carpet":2,"minecraft:wheat":2,"minecraft:redstone_block":2,"minecraft:lead":1,"minecraft:potion":3,"minecraft:stone_brick_stairs":1,"minecraft:polished_deepslate_wall":2,"minecraft:polished_deepslate":7,"minecraft:string":14,"minecraft:soul_soil":54,"minecraft:red_nether_bricks":677,"minecraft:iron_leggings":3,"minecraft:gold_nugget":7,"minecraft:cobbled_deepslate":9,"minecraft:spruce_planks":3,"minecraft:rose_bush":1,"minecraft:calcite":6,"minecraft:smooth_quartz":23,"minecraft:iron_pickaxe":3,"minecraft:melon_slice":107,"minecraft:iron_boots":3,"minecraft:furnace":10,"minecraft:stick":22,"vanillaplustools:iron_shovel":2,"minecraft:torch":239,"minecraft:acacia_log":75,"minecraft:diorite":19,"mekanism:raw_tin":1,"minecraft:quartz_block":3,"minecraft:rotten_flesh":39,"minecraft:obsidian":2,"minecraft:cobblestone":3650,"minecraft:feather":8,"minecraft:jungle_wood":2,"minecraft:flint":2,"minecraft:acacia_boat":1,"minecraft:dirt":733,"minecraft:bone":20,"minecraft:acacia_planks":28,"minecraft:bow":3,"minecraft:wheat_seeds":32,"minecraft:glowstone_dust":235,"minecraft:moss_block":6,"minecraft:oak_planks":1,"minecraft:acacia_stairs":2,"minecraft:soul_lantern":1,"waystones:waystone":2,"minecraft:cracked_polished_blackstone_bricks":32,"minecraft:bread":154,"minecraft:emerald":2,"minecraft:oak_sapling":25,"minecraft:netherrack":874,"minecraft:crimson_roots":1,"minecraft:waxed_oxidized_cut_copper":2,"minecraft:crafting_table":10,"minecraft:chicken":11,"minecraft:brown_mushroom":8,"minecraft:gold_block":2,"minecraft:shield":4,"minecraft:oak_trapdoor":1,"minecraft:iron_axe":5,"minecraft:acacia_door":3,"minecraft:iron_shovel":3,"minecraft:blackstone":21,"minecraft:cyan_carpet":2,"minecraft:beef":15,"minecraft:lectern":2,"minecraft:chest":11,"minecraft:egg":1,"minecraft:stripped_mangrove_wood":2,"minecraft:raw_iron":98,"minecraft:copper_ingot":1,"minecraft:bowl":1,"minecraft:polished_blackstone_bricks":52,"minecraft:carrot":28,"minecraft:dark_oak_planks":4,"minecraft:arrow":11,"minecraft:pumpkin_pie":4,"minecraft:hay_block":41,"minecraft:mutton":17,"minecraft:white_wool":13,"minecraft:bone_block":66,"minecraft:crimson_stem":6,"minecraft:cut_sandstone":1,"minecraft:leather":8,"minecraft:red_mushroom":3,"minecraft:filled_map":1,"minecraft:mushroom_stew":1,"minecraft:crimson_fungus":1,"minecraft:oak_log":45,"minecraft:nether_wart_block":27,"minecraft:gunpowder":2,"vanillaplustools:iron_hammer":2,"minecraft:red_nether_brick_stairs":103,"minecraft:apple":15,"minecraft:gray_carpet":6,"minecraft:iron_ingot":17,"minecraft:dark_oak_stairs":3,"minecraft:soul_sand":2,"minecraft:acacia_sapling":12,"minecraft:iron_sword":5,"minecraft:book":30,"minecraft:quartz":407,"minecraft:gravel":17,"minecraft:lava_bucket":2,"minecraft:blast_furnace":1,"minecraft:white_bed":4,"mekanism:raw_osmium":14,"minecraft:mossy_stone_brick_slab":1,"minecraft:spider_eye":1,"minecraft:stone_axe":2,"minecraft:iron_helmet":3,"minecraft:red_nether_brick_slab":361,"minecraft:coal":299,"minecraft:ender_pearl":1},"minecraft:killed_by":{"minecraft:piglin_brute":2,"minecraft:husk":1,"minecraft:skeleton":1},"minecraft:crafted":{"minecraft:oak_planks":168,"minecraft:cooked_chicken":11,"minecraft:nether_brick":64,"minecraft:cooked_mutton":19,"minecraft:quartz_block":13,"vanillaplustools:iron_hammer":3,"minecraft:iron_boots":1,"minecraft:chest":17,"minecraft:crafting_table":4,"minecraft:wooden_pickaxe":1,"minecraft:iron_helmet":1,"minecraft:iron_chestplate":2,"minecraft:diamond_pickaxe":1,"minecraft:stick":116,"minecraft:iron_ingot":61,"minecraft:iron_pickaxe":32,"minecraft:acacia_door":6,"vanillaplustools:iron_shovel":1,"minecraft:furnace":3,"minecraft:iron_axe":2,"minecraft:stone_pickaxe":1,"minecraft:wheat":270,"minecraft:cooked_beef":23,"minecraft:iron_sword":1,"minecraft:stone_axe":1,"minecraft:bread":90,"minecraft:air":0,"minecraft:jungle_planks":8,"minecraft:wooden_axe":1,"minecraft:iron_shovel":9,"minecraft:iron_leggings":1,"minecraft:white_bed":1,"minecraft:acacia_planks":184,"minecraft:torch":148},"minecraft:used":{"minecraft:moss_block":4,"minecraft:iron_shovel":116,"minecraft:black_carpet":2,"minecraft:chest":27,"minecraft:shield":7,"minecraft:iron_sword":444,"minecraft:red_nether_brick_stairs":4,"minecraft:mossy_stone_brick_slab":1,"minecraft:jungle_planks":8,"minecraft:carrot":16,"minecraft:acacia_sapling":9,"minecraft:obsidian":10,"vanillaplustools:iron_shovel":124,"minecraft:quartz_block":16,"minecraft:bow":45,"minecraft:written_book":1,"minecraft:furnace":12,"minecraft:oak_sapling":1,"minecraft:egg":1,"minecraft:diorite":2,"minecraft:stone_pickaxe":38,"minecraft:oak_planks":34,"minecraft:wooden_pickaxe":15,"minecraft:golden_apple":4,"waystones:waystone":2,"minecraft:acacia_door":6,"minecraft:bread":88,"minecraft:melon_slice":53,"minecraft:lectern":2,"minecraft:soul_lantern":1,"minecraft:rose_bush":1,"minecraft:spruce_planks":3,"minecraft:netherrack":352,"minecraft:torch":64,"minecraft:dirt":367,"minecraft:red_nether_brick_slab":361,"minecraft:wooden_axe":51,"minecraft:dark_oak_planks":1,"minecraft:iron_axe":393,"minecraft:smooth_quartz":23,"minecraft:soul_soil":53,"minecraft:acacia_planks":106,"minecraft:cooked_mutton":14,"minecraft:acacia_boat":1,"minecraft:water_bucket":1,"minecraft:red_nether_bricks":676,"minecraft:polished_blackstone_bricks":36,"minecraft:crafting_table":13,"minecraft:white_bed":5,"minecraft:diamond_pickaxe":635,"minecraft:iron_pickaxe":1285,"minecraft:stone_axe":91,"minecraft:cobblestone":488,"vanillaplustools:iron_hammer":585,"minecraft:bucket":2},"minecraft:custom":{"minecraft:interact_with_crafting_table":52,"minecraft:open_barrel":38,"minecraft:bell_ring":7,"minecraft:leave_game":8,"minecraft:time_since_death":11806,"minecraft:sprint_one_cm":1089311,"minecraft:damage_blocked_by_shield":260,"minecraft:drop":156,"minecraft:play_noteblock":1,"minecraft:play_time":463492,"minecraft:deaths":4,"minecraft:jump":6300,"minecraft:walk_on_water_one_cm":31527,"minecraft:interact_with_furnace":93,"minecraft:interact_with_loom":2,"minecraft:sleep_in_bed":20,"minecraft:waystone_activated":4,"minecraft:damage_dealt":21994,"minecraft:crouch_one_cm":132204,"minecraft:inspect_dispenser":2,"minecraft:interact_with_smithing_table":3,"minecraft:mob_kills":105,"minecraft:climb_one_cm":20942,"minecraft:walk_one_cm":1440634,"minecraft:sneak_time":38081,"minecraft:walk_under_water_one_cm":26563,"minecraft:boat_one_cm":121492,"minecraft:interact_with_blast_furnace":1,"minecraft:total_world_time":463492,"minecraft:tune_noteblock":2,"minecraft:interact_with_stonecutter":2,"minecraft:time_since_rest":11837,"minecraft:damage_taken":6243,"minecraft:damage_absorbed":158,"minecraft:swim_one_cm":86914,"minecraft:fly_one_cm":988301,"minecraft:open_chest":297,"minecraft:fall_one_cm":170793},"minecraft:mined":{"minecraft:red_nether_brick_slab":363,"minecraft:spruce_planks":3,"minecraft:white_bed":4,"minecraft:mossy_stone_brick_slab":1,"minecraft:red_nether_bricks":691,"minecraft:jungle_leaves":48,"minecraft:acacia_log":53,"minecraft:grass_block":355,"minecraft:cracked_polished_blackstone_bricks":21,"minecraft:soul_soil":57,"minecraft:crimson_fungus":1,"minecraft:oxeye_daisy":1,"minecraft:spawner":9,"minecraft:polished_blackstone_bricks":36,"minecraft:glowstone":80,"minecraft:red_nether_brick_stairs":108,"minecraft:iron_ore":68,"minecraft:cobbled_deepslate":8,"minecraft:fire":1,"minecraft:dark_oak_stairs":1,"minecraft:flowering_azalea_leaves":2,"minecraft:dirt_path":2,"minecraft:tripwire":1,"minecraft:cut_sandstone":4,"mekanism:osmium_ore":9,"minecraft:brown_mushroom":4,"minecraft:quartz_block":3,"minecraft:blackstone":15,"minecraft:soul_lantern":1,"minecraft:torch":4,"minecraft:calcite":3,"minecraft:melon":14,"minecraft:chest":11,"mekanism:tin_ore":1,"minecraft:mushroom_stem":104,"minecraft:nether_quartz_ore":194,"minecraft:cobblestone":74,"minecraft:oak_planks":1,"minecraft:wall_torch":7,"minecraft:jungle_wood":3,"minecraft:nether_wart_block":37,"minecraft:light_gray_stained_glass":1,"minecraft:wheat":1,"minecraft:stone_brick_stairs":4,"minecraft:grass":117,"minecraft:oak_log":52,"minecraft:sand":2,"minecraft:dirt":393,"minecraft:smooth_quartz":24,"minecraft:red_mushroom_block":10,"minecraft:netherrack":657,"minecraft:polished_deepslate_wall":2,"minecraft:oak_leaves":15,"minecraft:nether_gold_ore":2,"minecraft:sea_lantern":1,"minecraft:glow_lichen":1,"minecraft:crimson_roots":1,"minecraft:white_stained_glass":2,"minecraft:brown_mushroom_block":5,"minecraft:moss_block":10,"minecraft:crimson_stem":6,"minecraft:hay_block":41,"minecraft:black_stained_glass_pane":1,"minecraft:oak_trapdoor":1,"minecraft:waxed_oxidized_cut_copper":6,"minecraft:furnace":9,"minecraft:acacia_stairs":2,"minecraft:gold_block":2,"minecraft:polished_deepslate":14,"minecraft:bookshelf":10,"minecraft:stone":2809,"minecraft:bone_block":74,"minecraft:redstone_wall_torch":1,"minecraft:oak_slab":1,"minecraft:redstone_block":2,"minecraft:soul_sand":2,"minecraft:crafting_table":9,"minecraft:emerald_ore":2,"minecraft:rose_bush":1,"minecraft:lectern":2,"minecraft:tall_grass":9,"minecraft:diorite":19,"minecraft:birch_leaves":4,"minecraft:coal_ore":136,"minecraft:gravel":10,"minecraft:cyan_carpet":1,"minecraft:acacia_door":1,"minecraft:cobweb":13,"minecraft:cracked_stone_bricks":1,"minecraft:acacia_planks":28,"minecraft:stone_bricks":1},"minecraft:broken":{"vanillaplustools:iron_hammer":2,"minecraft:iron_pickaxe":4}},"DataVersion":3465}