{"stats":{"minecraft:killed":{"minecraft:spider":2,"minecraft:skeleton":18,"minecraft:drowned":2,"minecraft:piglin":4,"minecraft:husk":27,"minecraft:creeper":2,"minecraft:sheep":10,"minecraft:trader_llama":1,"minecraft:zombie":2},"minecraft:dropped":{"minecraft:iron_sword":1,"minecraft:dark_oak_stairs":2,"minecraft:wheat_seeds":32,"minecraft:saddle":1,"minecraft:acacia_log":7,"minecraft:mushroom_stew":1,"minecraft:dirt":14,"minecraft:crimson_roots":1,"minecraft:wooden_axe":1,"minecraft:melon_slice":15,"minecraft:cut_sandstone":1,"minecraft:potion":1,"mekanism:raw_osmium":11,"minecraft:bone_block":2,"minecraft:iron_axe":1,"minecraft:iron_pickaxe":1,"minecraft:iron_shovel":1,"minecraft:acacia_door":2,"minecraft:dark_oak_planks":2,"minecraft:white_wool":3,"minecraft:cyan_carpet":2,"minecraft:bone":2,"minecraft:gravel":17,"minecraft:stone_axe":2,"minecraft:bowl":1,"minecraft:wheat":2,"minecraft:rotten_flesh":17,"minecraft:oak_planks":1,"minecraft:flint_and_steel":1,"minecraft:filled_map":2,"minecraft:hay_block":11,"minecraft:oak_sapling":17,"minecraft:acacia_sapling":3,"minecraft:spider_eye":1,"minecraft:arrow":1,"minecraft:stone_pickaxe":1,"minecraft:wooden_pickaxe":1,"minecraft:calcite":3,"minecraft:stone_brick_stairs":1},"minecraft:picked_up":{"minecraft:crafting_table":10,"minecraft:wheat":2,"minecraft:redstone_block":2,"minecraft:brown_mushroom":4,"minecraft:lead":1,"minecraft:gold_block":2,"minecraft:potion":3,"minecraft:stone_brick_stairs":1,"minecraft:shield":2,"minecraft:polished_deepslate_wall":2,"minecraft:polished_deepslate":6,"minecraft:string":6,"minecraft:soul_soil":54,"minecraft:iron_axe":2,"minecraft:acacia_door":3,"minecraft:red_nether_bricks":380,"minecraft:iron_leggings":1,"minecraft:iron_shovel":1,"minecraft:cyan_carpet":2,"minecraft:gold_nugget":7,"minecraft:cobbled_deepslate":5,"minecraft:calcite":6,"minecraft:smooth_quartz":15,"minecraft:iron_pickaxe":2,"minecraft:melon_slice":107,"minecraft:chest":11,"minecraft:furnace":10,"minecraft:iron_boots":1,"minecraft:egg":1,"minecraft:stick":18,"minecraft:raw_iron":98,"minecraft:copper_ingot":1,"minecraft:torch":21,"minecraft:bowl":1,"minecraft:acacia_log":75,"minecraft:diorite":19,"minecraft:carrot":28,"minecraft:dark_oak_planks":2,"minecraft:arrow":10,"minecraft:rotten_flesh":33,"minecraft:pumpkin_pie":4,"minecraft:hay_block":41,"minecraft:obsidian":2,"minecraft:mutton":14,"minecraft:bone_block":66,"minecraft:white_wool":10,"minecraft:cobblestone":2424,"minecraft:crimson_stem":6,"minecraft:cut_sandstone":1,"minecraft:jungle_wood":2,"minecraft:filled_map":1,"minecraft:mushroom_stew":1,"minecraft:flint":2,"minecraft:crimson_fungus":1,"minecraft:oak_log":32,"minecraft:nether_wart_block":27,"minecraft:acacia_boat":1,"minecraft:dirt":727,"minecraft:bone":19,"minecraft:red_nether_brick_stairs":61,"minecraft:acacia_planks":28,"minecraft:apple":14,"minecraft:bow":1,"minecraft:wheat_seeds":32,"minecraft:iron_ingot":17,"minecraft:glowstone_dust":235,"minecraft:dark_oak_stairs":3,"minecraft:acacia_sapling":12,"minecraft:iron_sword":2,"minecraft:soul_sand":2,"minecraft:book":30,"minecraft:quartz":54,"minecraft:gravel":17,"minecraft:white_bed":4,"minecraft:acacia_stairs":2,"minecraft:mossy_stone_brick_slab":1,"mekanism:raw_osmium":14,"minecraft:spider_eye":1,"minecraft:stone_axe":2,"waystones:waystone":2,"minecraft:iron_helmet":1,"minecraft:bread":12,"minecraft:emerald":2,"minecraft:red_nether_brick_slab":181,"minecraft:oak_sapling":18,"minecraft:netherrack":415,"minecraft:coal":239,"minecraft:crimson_roots":1,"minecraft:ender_pearl":1},"minecraft:used":{"minecraft:iron_shovel":116,"minecraft:chest":27,"minecraft:shield":6,"minecraft:iron_sword":314,"minecraft:red_nether_brick_stairs":4,"minecraft:mossy_stone_brick_slab":1,"minecraft:netherrack":307,"minecraft:torch":57,"minecraft:dirt":366,"minecraft:red_nether_brick_slab":170,"minecraft:jungle_planks":8,"minecraft:carrot":16,"minecraft:acacia_sapling":9,"minecraft:obsidian":10,"minecraft:wooden_axe":51,"vanillaplustools:iron_shovel":124,"minecraft:iron_axe":254,"minecraft:quartz_block":13,"minecraft:smooth_quartz":15,"minecraft:bow":22,"minecraft:written_book":1,"minecraft:soul_soil":53,"minecraft:oak_sapling":1,"minecraft:furnace":12,"minecraft:egg":1,"minecraft:acacia_planks":106,"minecraft:cooked_mutton":14,"minecraft:acacia_boat":1,"minecraft:diorite":2,"minecraft:stone_pickaxe":38,"minecraft:red_nether_bricks":380,"minecraft:wooden_pickaxe":15,"minecraft:golden_apple":4,"minecraft:crafting_table":11,"minecraft:white_bed":5,"waystones:waystone":2,"minecraft:acacia_door":6,"minecraft:bread":44,"minecraft:melon_slice":53,"minecraft:iron_pickaxe":1213,"minecraft:stone_axe":91,"minecraft:cobblestone":253,"vanillaplustools:iron_hammer":467,"minecraft:bucket":1},"minecraft:crafted":{"minecraft:oak_planks":116,"vanillaplustools:iron_shovel":1,"minecraft:furnace":3,"minecraft:nether_brick":64,"minecraft:cooked_mutton":14,"minecraft:quartz_block":13,"vanillaplustools:iron_hammer":2,"minecraft:iron_boots":1,"minecraft:iron_axe":2,"minecraft:stone_pickaxe":1,"minecraft:chest":17,"minecraft:wheat":270,"minecraft:crafting_table":2,"minecraft:wooden_pickaxe":1,"minecraft:iron_helmet":1,"minecraft:iron_sword":1,"minecraft:stone_axe":1,"minecraft:air":0,"minecraft:bread":90,"minecraft:jungle_planks":8,"minecraft:iron_chestplate":2,"minecraft:stick":68,"minecraft:iron_ingot":61,"minecraft:iron_pickaxe":22,"minecraft:wooden_axe":1,"minecraft:iron_shovel":9,"minecraft:acacia_door":6,"minecraft:iron_leggings":1,"minecraft:white_bed":1,"minecraft:acacia_planks":184,"minecraft:torch":44},"minecraft:killed_by":{"minecraft:husk":1},"minecraft:custom":{"minecraft:mob_kills":68,"minecraft:interact_with_crafting_table":45,"minecraft:open_barrel":26,"minecraft:bell_ring":7,"minecraft:leave_game":7,"minecraft:time_since_death":269610,"minecraft:climb_one_cm":20942,"minecraft:sprint_one_cm":798744,"minecraft:walk_one_cm":1076937,"minecraft:damage_blocked_by_shield":230,"minecraft:drop":111,"minecraft:play_time":352155,"minecraft:sneak_time":26432,"minecraft:deaths":1,"minecraft:walk_under_water_one_cm":25027,"minecraft:boat_one_cm":121492,"minecraft:jump":4521,"minecraft:interact_with_blast_furnace":1,"minecraft:walk_on_water_one_cm":29442,"minecraft:total_world_time":352155,"minecraft:interact_with_furnace":78,"minecraft:tune_noteblock":2,"minecraft:interact_with_loom":2,"minecraft:interact_with_stonecutter":1,"minecraft:sleep_in_bed":16,"minecraft:time_since_rest":17392,"minecraft:waystone_activated":4,"minecraft:damage_taken":3656,"minecraft:damage_absorbed":158,"minecraft:damage_dealt":16655,"minecraft:swim_one_cm":81807,"minecraft:fly_one_cm":738247,"minecraft:open_chest":246,"minecraft:crouch_one_cm":100201,"minecraft:fall_one_cm":120345,"minecraft:inspect_dispenser":2},"minecraft:mined":{"minecraft:red_nether_brick_slab":186,"minecraft:nether_gold_ore":2,"minecraft:white_bed":4,"minecraft:mossy_stone_brick_slab":1,"minecraft:jungle_leaves":48,"minecraft:red_nether_bricks":393,"minecraft:sea_lantern":1,"minecraft:acacia_log":53,"minecraft:grass_block":355,"minecraft:crimson_roots":1,"minecraft:white_stained_glass":2,"minecraft:soul_soil":57,"minecraft:crimson_fungus":1,"minecraft:oxeye_daisy":1,"minecraft:spawner":5,"minecraft:crimson_stem":6,"minecraft:hay_block":41,"minecraft:black_stained_glass_pane":1,"minecraft:glowstone":80,"minecraft:furnace":9,"minecraft:red_nether_brick_stairs":65,"minecraft:iron_ore":68,"minecraft:cobbled_deepslate":5,"minecraft:fire":1,"minecraft:acacia_stairs":2,"minecraft:gold_block":2,"minecraft:dark_oak_stairs":1,"minecraft:polished_deepslate":12,"minecraft:bookshelf":10,"minecraft:dirt_path":2,"minecraft:stone":2367,"minecraft:bone_block":74,"minecraft:redstone_wall_torch":1,"minecraft:tripwire":1,"minecraft:cut_sandstone":4,"mekanism:osmium_ore":9,"minecraft:redstone_block":2,"minecraft:brown_mushroom":4,"minecraft:soul_sand":2,"minecraft:crafting_table":9,"minecraft:torch":4,"minecraft:emerald_ore":2,"minecraft:calcite":3,"minecraft:melon":14,"minecraft:chest":11,"minecraft:nether_quartz_ore":54,"minecraft:tall_grass":8,"minecraft:cobblestone":69,"minecraft:wall_torch":6,"minecraft:diorite":19,"minecraft:jungle_wood":3,"minecraft:nether_wart_block":37,"minecraft:light_gray_stained_glass":1,"minecraft:wheat":1,"minecraft:stone_brick_stairs":4,"minecraft:grass":103,"minecraft:oak_log":37,"minecraft:coal_ore":130,"minecraft:cyan_carpet":1,"minecraft:smooth_quartz":16,"minecraft:gravel":10,"minecraft:dirt":391,"minecraft:sand":2,"minecraft:acacia_door":1,"minecraft:cobweb":5,"minecraft:cracked_stone_bricks":1,"minecraft:acacia_planks":28,"minecraft:stone_bricks":1,"minecraft:netherrack":442,"minecraft:polished_deepslate_wall":2,"minecraft:oak_leaves":11},"minecraft:broken":{"vanillaplustools:iron_hammer":1,"minecraft:iron_pickaxe":4}},"DataVersion":3465}