{"stats":{"minecraft:used":{"minecraft:moss_block":4,"minecraft:iron_shovel":116,"minecraft:chest":29,"minecraft:polished_basalt":3,"minecraft:black_carpet":2,"minecraft:iron_sword":932,"minecraft:shield":37,"minecraft:red_nether_brick_stairs":4,"minecraft:mossy_stone_brick_slab":1,"minecraft:jungle_planks":8,"minecraft:carrot":16,"mekanism:basic_universal_cable":9,"minecraft:acacia_sapling":17,"minecraft:obsidian":10,"vanillaplustools:iron_shovel":229,"minecraft:glass":22,"minecraft:lava_bucket":5,"minecraft:stripped_dark_oak_wood":1,"minecraft:quartz_block":46,"minecraft:bow":154,"minecraft:written_book":1,"minecraft:oak_sapling":1,"minecraft:furnace":17,"minecraft:egg":3,"minecraft:diorite":2,"mekanism:personal_chest":2,"minecraft:oak_planks":48,"minecraft:stone_pickaxe":38,"minecraft:blackstone":37,"minecraft:wooden_pickaxe":27,"minecraft:golden_apple":4,"minecraft:crossbow":4,"waystones:waystone":3,"mekanism:crusher":5,"minecraft:acacia_door":6,"minecraft:melon_slice":53,"minecraft:bread":235,"mekanism:metallurgic_infuser":7,"minecraft:lectern":2,"minecraft:soul_lantern":1,"minecraft:crimson_door":2,"minecraft:andesite":11,"minecraft:air":1,"minecraft:oak_fence":1,"minecraft:rose_bush":1,"mekanism:enrichment_chamber":5,"minecraft:iron_bars":17,"minecraft:spruce_planks":15,"minecraft:netherrack":730,"minecraft:torch":419,"minecraft:red_nether_brick_slab":361,"minecraft:dirt":431,"minecraft:anvil":1,"mekanism:osmium_compressor":2,"minecraft:dark_oak_planks":60,"minecraft:wooden_axe":51,"minecraft:iron_axe":529,"mekanismgenerators:heat_generator":5,"minecraft:polished_deepslate_wall":2,"minecraft:smooth_quartz":23,"minecraft:basalt":4,"minecraft:glowstone":18,"minecraft:soul_soil":53,"minecraft:cooked_beef":19,"minecraft:cobbled_deepslate":79,"minecraft:acacia_planks":166,"minecraft:calcite":8,"minecraft:cooked_mutton":14,"minecraft:iron_ore":29,"minecraft:water_bucket":12,"minecraft:acacia_boat":2,"minecraft:red_nether_bricks":870,"minecraft:polished_blackstone_bricks":62,"minecraft:gilded_blackstone":1,"minecraft:crafting_table":19,"minecraft:white_bed":5,"minecraft:dark_oak_door":2,"minecraft:diamond_pickaxe":1213,"vanillaplustools:wooden_hammer":56,"minecraft:cracked_polished_blackstone_bricks":54,"minecraft:iron_pickaxe":1724,"minecraft:stone_axe":91,"travelersbackpack:standard":2,"minecraft:cobblestone":1319,"vanillaplustools:iron_hammer":1250,"minecraft:bucket":26},"minecraft:dropped":{"minecraft:iron_sword":2,"minecraft:moss_block":2,"minecraft:porkchop":2,"minecraft:dark_oak_stairs":2,"minecraft:stripped_mangrove_wood":2,"minecraft:lapis_lazuli":1,"minecraft:cooked_beef":6,"minecraft:baked_potato":10,"minecraft:glow_ink_sac":2,"minecraft:crafting_table":1,"minecraft:saddle":1,"minecraft:red_mushroom":7,"minecraft:flint":4,"minecraft:dirt":29,"minecraft:dark_oak_trapdoor":1,"minecraft:crimson_roots":1,"minecraft:cut_sandstone":1,"minecraft:gold_nugget":22,"minecraft:bone_block":2,"minecraft:iron_pickaxe":3,"minecraft:acacia_door":4,"minecraft:dark_oak_planks":4,"minecraft:crimson_door":3,"minecraft:white_wool":7,"minecraft:cyan_carpet":2,"minecraft:gold_ingot":1,"minecraft:bone":8,"minecraft:gravel":73,"minecraft:dark_oak_door":1,"minecraft:stone_axe":2,"minecraft:cobbled_deepslate":33,"minecraft:wheat":2,"minecraft:pointed_dripstone":6,"minecraft:rotten_flesh":34,"minecraft:oak_planks":4,"mekanism:raw_tin":1,"minecraft:leather_chestplate":1,"minecraft:gunpowder":3,"minecraft:acacia_sapling":4,"minecraft:red_nether_bricks":7,"minecraft:arrow":1,"minecraft:stone_brick_stairs":1,"minecraft:bread":7,"minecraft:wheat_seeds":35,"minecraft:smooth_quartz_stairs":6,"minecraft:dripstone_block":6,"minecraft:cobblestone":21,"minecraft:oak_fence":4,"minecraft:feather":8,"minecraft:apple":1,"minecraft:acacia_log":7,"minecraft:grass_block":2,"minecraft:mushroom_stew":1,"minecraft:stick":5,"vanillaplustools:wooden_hammer":1,"minecraft:diorite":62,"minecraft:wooden_axe":1,"minecraft:melon_slice":15,"minecraft:potion":2,"minecraft:smooth_quartz_slab":2,"mekanism:raw_osmium":12,"minecraft:iron_axe":3,"minecraft:iron_shovel":1,"minecraft:string":1,"minecraft:polished_deepslate_wall":7,"minecraft:gray_carpet":6,"minecraft:spruce_sapling":1,"minecraft:redstone":8,"minecraft:polished_deepslate":4,"minecraft:oak_trapdoor":1,"minecraft:bowl":1,"minecraft:tuff":3,"minecraft:flint_and_steel":1,"minecraft:filled_map":2,"minecraft:hay_block":11,"minecraft:andesite":4,"minecraft:oak_sapling":33,"minecraft:waxed_oxidized_cut_copper":2,"minecraft:spider_eye":4,"minecraft:bow":1,"minecraft:diamond_boots":1,"minecraft:stone_pickaxe":1,"minecraft:wooden_pickaxe":1,"minecraft:calcite":9},"minecraft:picked_up":{"minecraft:iron_chestplate":2,"minecraft:wheat":2,"minecraft:black_carpet":2,"minecraft:redstone_block":2,"mekanism:raw_uranium":13,"minecraft:lead":2,"minecraft:potion":3,"minecraft:gilded_blackstone":1,"minecraft:stone_brick_stairs":1,"minecraft:brewing_stand":1,"minecraft:polished_deepslate_wall":9,"minecraft:amethyst_block":173,"minecraft:soul_soil":54,"minecraft:polished_deepslate":12,"minecraft:string":63,"minecraft:dark_oak_trapdoor":1,"mekanismgenerators:heat_generator":1,"minecraft:raw_copper":536,"minecraft:red_nether_bricks":972,"minecraft:iron_leggings":4,"minecraft:armor_stand":1,"minecraft:cobbled_deepslate":272,"minecraft:gold_nugget":29,"mekanism:basic_universal_cable":5,"minecraft:spruce_planks":3,"minecraft:rose_bush":1,"minecraft:calcite":24,"minecraft:smooth_quartz":23,"minecraft:iron_pickaxe":4,"minecraft:melon_slice":107,"minecraft:furnace":13,"minecraft:smooth_quartz_stairs":8,"minecraft:iron_boots":3,"minecraft:stick":31,"minecraft:oak_fence":3,"minecraft:torch":246,"minecraft:acacia_log":105,"vanillaplustools:iron_shovel":2,"minecraft:pointed_dripstone":8,"minecraft:diorite":81,"mekanism:raw_tin":74,"minecraft:quartz_block":3,"minecraft:rotten_flesh":52,"minecraft:polished_basalt":3,"minecraft:obsidian":2,"minecraft:iron_bars":1,"minecraft:cobblestone":5728,"minecraft:birch_log":5,"minecraft:leather_chestplate":1,"minecraft:feather":8,"minecraft:andesite":28,"minecraft:jungle_wood":2,"minecraft:tuff":23,"minecraft:flint":30,"minecraft:acacia_boat":1,"minecraft:lapis_lazuli":139,"minecraft:dirt":896,"minecraft:bone":48,"minecraft:acacia_planks":29,"minecraft:bow":4,"minecraft:wheat_seeds":35,"minecraft:raw_gold":50,"minecraft:glowstone_dust":235,"minecraft:moss_block":6,"minecraft:oak_planks":9,"mekanism:metallurgic_infuser":5,"minecraft:sand":82,"minecraft:crimson_door":2,"minecraft:grass_block":2,"minecraft:acacia_stairs":2,"minecraft:dark_oak_log":19,"minecraft:diamond":44,"minecraft:soul_lantern":1,"waystones:waystone":3,"minecraft:cracked_polished_blackstone_bricks":66,"minecraft:crossbow":1,"minecraft:granite":19,"minecraft:emerald":8,"minecraft:bread":154,"minecraft:oak_sapling":34,"minecraft:netherrack":1108,"minecraft:crimson_roots":1,"minecraft:waxed_oxidized_cut_copper":2,"minecraft:crafting_table":12,"minecraft:chicken":11,"minecraft:brown_mushroom":8,"minecraft:gold_block":20,"minecraft:shield":4,"minecraft:oak_trapdoor":1,"minecraft:iron_axe":6,"minecraft:acacia_door":5,"minecraft:iron_shovel":3,"minecraft:blackstone":43,"minecraft:cyan_carpet":2,"minecraft:beef":15,"minecraft:oak_boat":1,"minecraft:lectern":2,"minecraft:chest":11,"minecraft:raw_copper_block":1,"minecraft:egg":3,"minecraft:raw_iron":335,"minecraft:stripped_mangrove_wood":2,"minecraft:copper_ingot":1,"minecraft:bowl":1,"minecraft:polished_blackstone_bricks":108,"minecraft:carrot":28,"minecraft:redstone":339,"minecraft:dark_oak_planks":4,"mekanism:crusher":4,"minecraft:arrow":87,"minecraft:pumpkin_pie":4,"mekanism:osmium_compressor":1,"minecraft:hay_block":64,"minecraft:stripped_dark_oak_wood":1,"minecraft:mutton":17,"minecraft:bone_block":66,"minecraft:white_wool":13,"minecraft:basalt":4,"mekanism:raw_lead":26,"minecraft:glow_ink_sac":2,"minecraft:crimson_stem":6,"minecraft:cut_sandstone":1,"minecraft:leather":8,"minecraft:red_mushroom":8,"minecraft:filled_map":1,"minecraft:mushroom_stew":1,"minecraft:crimson_fungus":1,"minecraft:oak_log":94,"minecraft:nether_wart_block":27,"minecraft:gunpowder":3,"mca:book_romance":1,"vanillaplustools:iron_hammer":2,"mekanism:enrichment_chamber":4,"minecraft:red_nether_brick_stairs":151,"minecraft:apple":15,"minecraft:gray_carpet":6,"minecraft:iron_ingot":17,"minecraft:iron_sword":5,"minecraft:acacia_sapling":21,"minecraft:soul_sand":2,"minecraft:dark_oak_stairs":3,"minecraft:book":30,"minecraft:quartz":452,"minecraft:dripstone_block":43,"minecraft:gravel":89,"minecraft:lava_bucket":2,"minecraft:amethyst_shard":34,"minecraft:spruce_sapling":1,"minecraft:blast_furnace":1,"minecraft:white_bed":4,"minecraft:spruce_log":6,"minecraft:mossy_stone_brick_slab":1,"mekanism:raw_osmium":83,"minecraft:spider_eye":4,"minecraft:stone_axe":2,"minecraft:iron_helmet":3,"mekanism:fluorite_gem":69,"minecraft:red_nether_brick_slab":523,"minecraft:damaged_anvil":1,"minecraft:smooth_quartz_slab":2,"minecraft:coal":745,"minecraft:ender_pearl":3},"minecraft:killed_by":{"minecraft:zombified_piglin":1,"minecraft:piglin_brute":2,"minecraft:magma_cube":1,"minecraft:husk":1,"minecraft:skeleton":1},"minecraft:custom":{"minecraft:interact_with_crafting_table":124,"minecraft:open_barrel":69,"minecraft:bell_ring":7,"minecraft:eat_cake_slice":4,"minecraft:leave_game":13,"minecraft:time_since_death":492024,"minecraft:sprint_one_cm":2469624,"minecraft:damage_blocked_by_shield":2030,"minecraft:drop":311,"minecraft:play_noteblock":1,"minecraft:play_time":1116664,"minecraft:deaths":6,"minecraft:jump":13144,"minecraft:walk_on_water_one_cm":64705,"minecraft:interact_with_furnace":192,"minecraft:interact_with_loom":2,"minecraft:sleep_in_bed":37,"minecraft:waystone_activated":6,"minecraft:damage_dealt":41481,"minecraft:crouch_one_cm":276593,"minecraft:inspect_dispenser":2,"minecraft:horse_one_cm":68423,"minecraft:interact_with_smithing_table":5,"minecraft:interact_with_anvil":1,"minecraft:mob_kills":244,"minecraft:climb_one_cm":25778,"minecraft:walk_one_cm":2713991,"minecraft:sneak_time":82403,"minecraft:walk_under_water_one_cm":74662,"minecraft:boat_one_cm":166312,"minecraft:interact_with_blast_furnace":1,"minecraft:total_world_time":1116664,"minecraft:tune_noteblock":2,"minecraft:interact_with_stonecutter":2,"minecraft:time_since_rest":3911,"minecraft:damage_taken":13326,"minecraft:damage_absorbed":158,"minecraft:swim_one_cm":109853,"minecraft:fly_one_cm":2041183,"minecraft:open_chest":691,"minecraft:fall_one_cm":348254},"minecraft:broken":{"vanillaplustools:iron_hammer":5,"minecraft:crossbow":1,"minecraft:iron_pickaxe":5},"minecraft:killed":{"minecraft:cave_spider":5,"minecraft:witch":1,"minecraft:spider":11,"minecraft:skeleton":66,"minecraft:chicken":11,"minecraft:piglin_brute":7,"minecraft:magma_cube":20,"minecraft:piglin":9,"mekanismadditions:baby_enderman":1,"minecraft:creeper":3,"minecraft:sheep":12,"minecraft:trader_llama":1,"minecraft:pillager":14,"minecraft:zombie":21,"minecraft:cow":7,"mca:female_zombie_villager":1,"minecraft:vindicator":2,"mekanismadditions:baby_skeleton":8,"minecraft:drowned":2,"minecraft:husk":28,"minecraft:enderman":11},"minecraft:mined":{"minecraft:red_nether_brick_slab":524,"minecraft:large_amethyst_bud":4,"minecraft:spruce_planks":3,"minecraft:white_bed":4,"minecraft:mossy_stone_brick_slab":1,"minecraft:jungle_leaves":48,"minecraft:red_nether_bricks":992,"minecraft:brewing_stand":1,"minecraft:granite":52,"minecraft:budding_amethyst":31,"minecraft:acacia_log":84,"minecraft:grass_block":389,"minecraft:cracked_polished_blackstone_bricks":89,"waystones:waystone":1,"minecraft:soul_soil":57,"mekanism:osmium_compressor":1,"minecraft:crimson_fungus":1,"minecraft:oxeye_daisy":1,"minecraft:gilded_blackstone":1,"minecraft:spawner":18,"minecraft:polished_blackstone_bricks":155,"minecraft:glowstone":80,"minecraft:dark_oak_trapdoor":1,"minecraft:red_nether_brick_stairs":156,"minecraft:iron_ore":171,"minecraft:cobbled_deepslate":16,"minecraft:fire":19,"minecraft:deepslate_lapis_ore":5,"minecraft:stripped_dark_oak_wood":1,"minecraft:dark_oak_stairs":1,"minecraft:pointed_dripstone":1,"minecraft:flowering_azalea_leaves":2,"minecraft:dirt_path":2,"minecraft:small_amethyst_bud":3,"minecraft:iron_bars":1,"minecraft:tripwire":1,"minecraft:deepslate_redstone_ore":59,"minecraft:cut_sandstone":4,"minecraft:brown_mushroom":4,"mekanism:osmium_ore":60,"minecraft:quartz_block":3,"minecraft:blackstone":56,"minecraft:medium_amethyst_bud":5,"minecraft:crimson_nylium":2,"mekanism:enrichment_chamber":4,"minecraft:soul_fire":3,"minecraft:amethyst_cluster":6,"minecraft:soul_lantern":1,"minecraft:torch":5,"minecraft:calcite":79,"minecraft:melon":14,"minecraft:chest":11,"mekanism:tin_ore":27,"minecraft:mushroom_stem":104,"minecraft:smooth_quartz_slab":2,"minecraft:nether_quartz_ore":241,"minecraft:cobblestone":130,"minecraft:damaged_anvil":1,"minecraft:oak_planks":10,"minecraft:wall_torch":8,"minecraft:amethyst_block":228,"minecraft:jungle_wood":3,"minecraft:nether_wart_block":37,"minecraft:birch_log":11,"minecraft:light_gray_stained_glass":1,"minecraft:wheat":1,"minecraft:stone_brick_stairs":4,"minecraft:grass":131,"mekanism:deepslate_tin_ore":13,"minecraft:oak_log":102,"mekanism:lead_ore":15,"minecraft:dirt":538,"minecraft:sand":85,"minecraft:smooth_quartz":24,"minecraft:smooth_basalt":18,"minecraft:raw_copper_block":1,"mekanism:basic_universal_cable":5,"minecraft:red_mushroom_block":10,"minecraft:netherrack":938,"minecraft:polished_deepslate_wall":8,"minecraft:oak_leaves":24,"minecraft:cyan_candle":1,"minecraft:deepslate":927,"minecraft:nether_gold_ore":6,"minecraft:tuff":35,"minecraft:deepslate_diamond_ore":20,"minecraft:sea_lantern":1,"mekanism:deepslate_osmium_ore":11,"gravestone:gravestone":3,"minecraft:glow_lichen":1,"mekanismgenerators:heat_generator":1,"minecraft:crimson_roots":1,"minecraft:white_stained_glass":2,"minecraft:brown_mushroom_block":5,"minecraft:moss_block":10,"minecraft:red_mushroom":2,"minecraft:crimson_stem":6,"minecraft:hay_block":64,"minecraft:black_stained_glass_pane":1,"minecraft:redstone_ore":7,"minecraft:oak_trapdoor":1,"minecraft:waxed_oxidized_cut_copper":6,"minecraft:furnace":12,"minecraft:polished_basalt":3,"minecraft:acacia_stairs":2,"minecraft:andesite":40,"minecraft:gold_block":22,"minecraft:polished_deepslate":20,"minecraft:bookshelf":10,"minecraft:deepslate_iron_ore":20,"minecraft:crimson_door":2,"minecraft:smooth_quartz_stairs":8,"minecraft:stone":5131,"minecraft:bone_block":74,"minecraft:redstone_wall_torch":1,"mekanism:deepslate_lead_ore":3,"minecraft:oak_slab":1,"mekanism:crusher":4,"minecraft:redstone_block":2,"minecraft:acacia_leaves":1,"minecraft:soul_sand":2,"minecraft:basalt":6,"minecraft:crafting_table":11,"minecraft:emerald_ore":7,"minecraft:rose_bush":1,"minecraft:lectern":2,"minecraft:copper_ore":112,"minecraft:tall_grass":9,"minecraft:lapis_ore":4,"minecraft:deepslate_gold_ore":23,"mekanism:metallurgic_infuser":5,"minecraft:diorite":86,"minecraft:spruce_log":6,"minecraft:birch_leaves":4,"minecraft:coal_ore":419,"minecraft:cyan_carpet":1,"minecraft:acacia_door":3,"mekanism:deepslate_fluorite_ore":22,"minecraft:gravel":284,"minecraft:dripstone_block":54,"minecraft:cobweb":48,"mekanism:deepslate_uranium_ore":8,"minecraft:cracked_stone_bricks":1,"minecraft:acacia_planks":29,"minecraft:stone_bricks":3,"minecraft:gold_ore":6},"minecraft:crafted":{"minecraft:oak_planks":248,"mekanism:ingot_osmium":34,"minecraft:cooked_chicken":13,"mekanism:logistical_sorter":2,"mekanismgenerators:heat_generator":4,"minecraft:nether_brick":64,"minecraft:cooked_mutton":24,"minecraft:iron_bars":32,"minecraft:quartz_block":43,"minecraft:dark_oak_door":3,"minecraft:glass":64,"vanillaplustools:iron_hammer":6,"minecraft:iron_boots":1,"minecraft:chest":21,"mekanism:ingot_steel":24,"minecraft:oak_fence":3,"mekanism:energy_tablet":2,"minecraft:crafting_table":10,"minecraft:spruce_planks":24,"minecraft:wooden_pickaxe":11,"minecraft:iron_helmet":1,"travelersbackpack:standard":1,"minecraft:copper_ingot":51,"minecraft:birch_planks":20,"mekanism:teleportation_core":2,"minecraft:iron_chestplate":2,"minecraft:diamond_pickaxe":1,"mekanism:steel_casing":4,"minecraft:stick":260,"mekanism:crusher":1,"minecraft:iron_ingot":204,"minecraft:iron_pickaxe":58,"minecraft:iron_block":3,"minecraft:acacia_door":6,"mekanism:osmium_compressor":1,"vanillaplustools:wooden_hammer":1,"mekanism:basic_universal_cable":8,"minecraft:redstone":18,"vanillaplustools:iron_shovel":1,"minecraft:piston":2,"minecraft:furnace":13,"mekanism:robit":1,"travelersbackpack:white_sleeping_bag":1,"minecraft:iron_axe":3,"minecraft:stone_pickaxe":1,"mekanism:personal_chest":1,"minecraft:dark_oak_planks":92,"minecraft:wheat":477,"minecraft:cooked_beef":26,"minecraft:crimson_planks":8,"mekanism:metallurgic_infuser":2,"travelersbackpack:backpack_tank":2,"minecraft:iron_sword":1,"minecraft:bucket":5,"minecraft:stone_axe":1,"minecraft:glowstone":18,"minecraft:jungle_planks":8,"minecraft:air":0,"minecraft:acacia_boat":1,"minecraft:bread":159,"mekanism:enrichment_chamber":1,"minecraft:wooden_axe":1,"minecraft:iron_shovel":9,"minecraft:iron_leggings":1,"mekanism:advanced_control_circuit":2,"minecraft:anvil":1,"minecraft:crimson_door":3,"minecraft:white_bed":1,"minecraft:acacia_planks":304,"minecraft:torch":404}},"DataVersion":3465}