{"stats":{"minecraft:picked_up":{"minecraft:melon_slice":29,"minecraft:torch":2,"minecraft:dirt":5},"minecraft:used":{"minecraft:melon_slice":1,"minecraft:torch":2,"minecraft:dirt":5},"minecraft:mined":{"minecraft:grass":4,"minecraft:grass_block":3,"minecraft:melon":6,"minecraft:dirt_path":1,"minecraft:wall_torch":1,"minecraft:dirt":1,"minecraft:torch":1},"minecraft:custom":{"minecraft:jump":39,"minecraft:time_since_rest":15498,"minecraft:waystone_activated":1,"minecraft:leave_game":1,"minecraft:sprint_one_cm":5704,"minecraft:play_time":15498,"minecraft:time_since_death":15498,"minecraft:walk_one_cm":8072,"minecraft:total_world_time":15498,"minecraft:fall_one_cm":1103,"minecraft:fly_one_cm":5494}},"DataVersion":3465}