{"stats":{"minecraft:used":{"minecraft:stone_sword":79,"minecraft:oak_sign":6,"minecraft:chest":4,"minecraft:shield":59,"minecraft:iron_sword":472,"minecraft:rotten_flesh":24,"minecraft:iron_chestplate":1,"minecraft:torch":102,"minecraft:acacia_sapling":1,"minecraft:birch_door":3,"minecraft:iron_axe":330,"minecraft:iron_helmet":1,"minecraft:iron_boots":1,"minecraft:furnace":10,"minecraft:gold_block":10,"minecraft:egg":1,"minecraft:cobbled_deepslate":9,"minecraft:acacia_planks":63,"minecraft:iron_leggings":1,"minecraft:pointed_dripstone":2,"minecraft:acacia_boat":2,"minecraft:water_bucket":33,"minecraft:cobblestone_stairs":4,"minecraft:birch_planks":127,"minecraft:oak_planks":142,"minecraft:baked_potato":29,"minecraft:stone_pickaxe":175,"minecraft:wooden_pickaxe":11,"minecraft:redstone_block":5,"minecraft:glow_berries":1,"minecraft:crafting_table":17,"minecraft:white_bed":3,"minecraft:diamond_pickaxe":5,"minecraft:apple":2,"minecraft:chicken":2,"minecraft:bread":44,"minecraft:melon_slice":9,"minecraft:iron_pickaxe":1038,"travelersbackpack:white_sleeping_bag":4,"minecraft:stone_axe":150,"minecraft:cobblestone":168,"minecraft:smithing_table":2,"minecraft:cooked_porkchop":5,"minecraft:lapis_block":7,"minecraft:bucket":36,"minecraft:experience_bottle":1},"minecraft:killed":{"mca:female_zombie_villager":1,"minecraft:cave_spider":6,"minecraft:zombified_piglin":1,"minecraft:witch":2,"minecraft:spider":3,"minecraft:skeleton":33,"minecraft:chicken":4,"minecraft:pig":4,"minecraft:sheep":7,"minecraft:zombie":59,"minecraft:enderman":2,"minecraft:cow":1},"minecraft:dropped":{"minecraft:iron_sword":2,"minecraft:moss_block":2,"minecraft:wheat_seeds":61,"minecraft:glass_bottle":1,"minecraft:dripstone_block":6,"minecraft:oak_fence":3,"minecraft:feather":3,"minecraft:cobblestone":2,"minecraft:granite":87,"minecraft:rail":1,"minecraft:dirt":54,"mca:book_romance":1,"minecraft:sculk":6,"minecraft:diorite":59,"mekanism:raw_uranium":2,"minecraft:rose_bush":4,"minecraft:gold_nugget":8,"mekanism:raw_osmium":1,"minecraft:amethyst_shard":3,"minecraft:iron_axe":2,"minecraft:iron_shovel":1,"minecraft:string":3,"minecraft:acacia_planks":1,"minecraft:bone":9,"minecraft:furnace":1,"minecraft:moss_carpet":2,"minecraft:compass":1,"minecraft:sugar_cane":6,"minecraft:stone_sword":1,"minecraft:cobbled_deepslate":199,"minecraft:tuff":23,"minecraft:birch_sapling":11,"minecraft:wheat":2,"minecraft:raw_iron":1,"minecraft:pointed_dripstone":16,"minecraft:rotten_flesh":25,"minecraft:light_gray_wool":1,"minecraft:clay_ball":12,"minecraft:oak_planks":1,"mekanism:raw_tin":1,"minecraft:echo_shard":1,"minecraft:big_dripleaf":5,"minecraft:gunpowder":2,"minecraft:andesite":23,"minecraft:oak_sapling":106,"minecraft:acacia_sapling":5,"minecraft:spider_eye":2,"minecraft:stone_pickaxe":1,"minecraft:wooden_pickaxe":2,"minecraft:enchanting_table":1},"minecraft:broken":{"minecraft:stone_pickaxe":1,"minecraft:iron_axe":1,"minecraft:stone_axe":1,"minecraft:iron_sword":2,"minecraft:iron_pickaxe":4,"minecraft:iron_helmet":1},"minecraft:custom":{"minecraft:interact_with_smithing_table":4,"minecraft:mob_kills":124,"minecraft:interact_with_crafting_table":70,"minecraft:leave_game":6,"minecraft:time_since_death":246340,"minecraft:climb_one_cm":5794,"minecraft:sprint_one_cm":692110,"minecraft:walk_one_cm":431024,"minecraft:damage_blocked_by_shield":1780,"minecraft:drop":100,"minecraft:play_time":246340,"minecraft:sneak_time":9830,"minecraft:walk_under_water_one_cm":22055,"minecraft:boat_one_cm":78570,"minecraft:jump":4342,"minecraft:walk_on_water_one_cm":54526,"minecraft:total_world_time":246340,"minecraft:interact_with_furnace":68,"minecraft:sleep_in_bed":5,"minecraft:time_since_rest":362,"minecraft:waystone_activated":2,"minecraft:damage_taken":3978,"minecraft:damage_dealt":22193,"minecraft:swim_one_cm":69500,"minecraft:fly_one_cm":685584,"minecraft:open_chest":73,"minecraft:crouch_one_cm":40718,"minecraft:fall_one_cm":113842},"minecraft:picked_up":{"minecraft:crafting_table":9,"minecraft:wheat":20,"minecraft:chicken":4,"minecraft:clay_ball":12,"mekanism:raw_uranium":2,"minecraft:diamond_sword":1,"minecraft:smithing_table":1,"minecraft:wooden_pickaxe":1,"minecraft:potion":1,"minecraft:gold_block":14,"minecraft:enchanted_book":1,"minecraft:lapis_block":3,"minecraft:iron_axe":2,"minecraft:string":103,"minecraft:moss_carpet":6,"minecraft:iron_leggings":1,"minecraft:iron_shovel":1,"minecraft:oak_sign":3,"minecraft:gold_nugget":1,"minecraft:cobbled_deepslate":301,"minecraft:beef":3,"minecraft:rose_bush":4,"minecraft:light_gray_wool":1,"minecraft:melon_slice":16,"minecraft:sugar_cane":6,"minecraft:chest":2,"minecraft:birch_sapling":11,"minecraft:iron_boots":1,"minecraft:furnace":6,"minecraft:egg":1,"minecraft:stick":128,"minecraft:raw_iron":91,"minecraft:big_dripleaf":6,"minecraft:oak_fence":3,"minecraft:torch":6,"minecraft:acacia_log":33,"minecraft:porkchop":9,"minecraft:pointed_dripstone":18,"minecraft:diorite":59,"minecraft:redstone":57,"mekanism:raw_tin":1,"minecraft:diamond_chestplate":1,"minecraft:arrow":64,"minecraft:rotten_flesh":66,"minecraft:diamond_boots":1,"minecraft:hay_block":15,"minecraft:gold_ingot":3,"minecraft:obsidian":4,"minecraft:mutton":11,"minecraft:rail":1,"minecraft:white_wool":6,"minecraft:cobblestone":537,"minecraft:birch_log":41,"minecraft:enchanting_table":2,"minecraft:feather":3,"minecraft:andesite":23,"minecraft:leather":3,"minecraft:birch_planks":11,"minecraft:tuff":26,"minecraft:oak_log":454,"minecraft:gunpowder":2,"minecraft:lapis_lazuli":50,"minecraft:dirt":70,"minecraft:name_tag":1,"minecraft:bone":33,"minecraft:acacia_planks":6,"minecraft:apple":11,"minecraft:wheat_seeds":61,"minecraft:raw_gold":80,"minecraft:iron_ingot":28,"minecraft:diamond_helmet":1,"minecraft:glass_bottle":1,"minecraft:bamboo":126,"minecraft:moss_block":2,"minecraft:acacia_sapling":6,"minecraft:iron_sword":2,"minecraft:oak_planks":28,"minecraft:book":8,"minecraft:dripstone_block":6,"minecraft:white_bed":2,"minecraft:grass_block":2,"mekanism:raw_osmium":1,"minecraft:spider_eye":3,"travelersbackpack:white_sleeping_bag":3,"minecraft:diamond":22,"minecraft:granite":87,"minecraft:bone_meal":36,"minecraft:oak_sapling":106,"minecraft:coal":181,"minecraft:diamond_pickaxe":1,"minecraft:ender_pearl":4},"minecraft:mined":{"minecraft:tuff":24,"minecraft:white_bed":2,"minecraft:deepslate_diamond_ore":22,"minecraft:obsidian":4,"mekanism:deepslate_osmium_ore":3,"minecraft:granite":71,"minecraft:acacia_log":37,"minecraft:grass_block":12,"travelersbackpack:white_sleeping_bag":3,"minecraft:oak_wall_sign":1,"minecraft:spawner":1,"minecraft:hay_block":15,"minecraft:redstone_ore":2,"minecraft:furnace":6,"minecraft:iron_ore":37,"minecraft:andesite":23,"minecraft:deepslate_lapis_ore":5,"minecraft:gold_block":8,"minecraft:pointed_dripstone":2,"minecraft:cave_vines":1,"minecraft:deepslate_iron_ore":55,"minecraft:bamboo":9,"minecraft:stone":374,"minecraft:smithing_table":1,"minecraft:deepslate_redstone_ore":8,"minecraft:acacia_leaves":1,"mekanism:osmium_ore":2,"minecraft:clay":3,"minecraft:crafting_table":9,"minecraft:torch":1,"minecraft:melon":3,"minecraft:chest":2,"minecraft:rose_bush":3,"mekanism:tin_ore":1,"minecraft:tall_grass":1,"minecraft:cobblestone":15,"minecraft:oak_planks":19,"minecraft:deepslate_gold_ore":69,"minecraft:lapis_ore":1,"minecraft:sugar_cane":2,"minecraft:diorite":59,"minecraft:wall_torch":2,"minecraft:birch_planks":9,"minecraft:lapis_block":3,"minecraft:birch_log":41,"minecraft:wheat":33,"minecraft:grass":34,"minecraft:oak_log":276,"minecraft:coal_ore":107,"minecraft:dirt":21,"minecraft:dripstone_block":2,"minecraft:cobweb":45,"mekanism:deepslate_uranium_ore":2,"minecraft:acacia_planks":3,"minecraft:small_dripleaf":1,"minecraft:gold_ore":4,"minecraft:oak_leaves":6,"minecraft:deepslate":299,"minecraft:fern":3},"minecraft:crafted":{"minecraft:oak_planks":172,"travelersbackpack:iron":2,"minecraft:oak_sign":3,"minecraft:furnace":5,"minecraft:cobblestone_stairs":4,"minecraft:bone_meal":36,"travelersbackpack:white_sleeping_bag":1,"minecraft:diamond_helmet":1,"minecraft:iron_boots":2,"minecraft:iron_axe":2,"minecraft:stone_pickaxe":2,"minecraft:chest":2,"minecraft:diamond_boots":1,"minecraft:birch_door":3,"minecraft:redstone_block":5,"minecraft:wheat":135,"minecraft:diamond_sword":1,"minecraft:cooked_porkchop":5,"minecraft:crafting_table":8,"minecraft:enchanting_table":1,"minecraft:wooden_pickaxe":1,"minecraft:iron_helmet":2,"minecraft:iron_sword":3,"minecraft:smithing_table":1,"minecraft:gold_block":8,"minecraft:bucket":1,"minecraft:birch_planks":144,"minecraft:stone_axe":1,"minecraft:bread":51,"minecraft:acacia_boat":2,"minecraft:air":0,"minecraft:iron_chestplate":1,"minecraft:diamond_pickaxe":1,"minecraft:shield":1,"minecraft:stick":28,"minecraft:iron_ingot":85,"minecraft:iron_pickaxe":5,"minecraft:stone_sword":1,"minecraft:iron_leggings":1,"minecraft:gold_ingot":69,"minecraft:white_bed":1,"minecraft:acacia_planks":132,"minecraft:torch":96,"minecraft:lapis_block":4,"minecraft:diamond_chestplate":1}},"DataVersion":3465}