{"stats":{"minecraft:used":{"minecraft:oak_sign":6,"minecraft:chest":4,"minecraft:shield":88,"minecraft:iron_sword":645,"minecraft:rotten_flesh":24,"minecraft:iron_chestplate":1,"minecraft:acacia_sapling":1,"minecraft:grass_block":1,"minecraft:iron_helmet":1,"minecraft:bow":13,"minecraft:furnace":14,"minecraft:gold_block":10,"minecraft:egg":1,"minecraft:stone_pickaxe":175,"minecraft:oak_planks":145,"minecraft:wooden_pickaxe":11,"minecraft:redstone_block":5,"minecraft:golden_apple":1,"minecraft:glow_berries":1,"minecraft:bread":56,"minecraft:melon_slice":9,"minecraft:smithing_table":2,"minecraft:bone_meal":36,"minecraft:experience_bottle":1,"minecraft:stone_sword":79,"minecraft:torch":141,"minecraft:birch_door":3,"minecraft:iron_hoe":39,"minecraft:iron_axe":356,"minecraft:iron_boots":1,"minecraft:acacia_planks":63,"minecraft:cobbled_deepslate":9,"minecraft:iron_leggings":1,"minecraft:pointed_dripstone":2,"minecraft:wheat_seeds":45,"minecraft:acacia_boat":2,"minecraft:water_bucket":44,"minecraft:cobblestone_stairs":4,"minecraft:birch_planks":133,"minecraft:baked_potato":29,"minecraft:crafting_table":19,"minecraft:white_bed":3,"minecraft:diamond_pickaxe":10,"minecraft:apple":2,"minecraft:chicken":2,"minecraft:iron_pickaxe":1203,"travelersbackpack:white_sleeping_bag":4,"minecraft:stone_axe":150,"minecraft:cobblestone":203,"vanillaplustools:iron_hammer":53,"minecraft:cooked_porkchop":13,"minecraft:bucket":49,"minecraft:lapis_block":7},"minecraft:dropped":{"minecraft:iron_sword":2,"minecraft:moss_block":2,"minecraft:glass_bottle":1,"minecraft:rail":3,"minecraft:dirt":75,"minecraft:gold_nugget":8,"minecraft:amethyst_shard":3,"minecraft:bone":9,"minecraft:gravel":3,"minecraft:compass":1,"minecraft:sugar_cane":6,"minecraft:cobbled_deepslate":200,"minecraft:birch_sapling":11,"minecraft:wheat":2,"minecraft:pointed_dripstone":16,"minecraft:rotten_flesh":37,"minecraft:oak_planks":1,"mekanism:raw_tin":1,"minecraft:echo_shard":1,"minecraft:gunpowder":2,"minecraft:acacia_sapling":5,"minecraft:enchanting_table":1,"minecraft:egg":1,"minecraft:wheat_seeds":61,"minecraft:dripstone_block":6,"minecraft:oak_fence":3,"minecraft:feather":3,"minecraft:cobblestone":3,"minecraft:granite":87,"minecraft:grass_block":1,"mca:book_romance":1,"minecraft:sculk":6,"minecraft:diorite":115,"mekanism:raw_uranium":2,"minecraft:rose_bush":4,"mekanism:raw_osmium":1,"minecraft:iron_axe":2,"minecraft:iron_shovel":1,"minecraft:string":3,"minecraft:acacia_planks":1,"minecraft:dandelion":1,"minecraft:furnace":1,"minecraft:moss_carpet":2,"minecraft:stone_sword":1,"minecraft:tuff":23,"minecraft:raw_iron":1,"minecraft:light_gray_wool":1,"minecraft:clay_ball":12,"minecraft:big_dripleaf":5,"minecraft:iron_chestplate":1,"minecraft:andesite":25,"minecraft:oak_sapling":106,"minecraft:spider_eye":2,"minecraft:wooden_pickaxe":2,"minecraft:stone_pickaxe":1},"minecraft:picked_up":{"minecraft:wheat":35,"mekanism:raw_uranium":2,"minecraft:smithing_table":1,"minecraft:diamond_sword":1,"minecraft:potion":1,"minecraft:enchanted_book":1,"minecraft:amethyst_block":11,"minecraft:lapis_block":3,"minecraft:string":106,"minecraft:iron_leggings":1,"minecraft:oak_sign":3,"minecraft:gold_nugget":1,"minecraft:cobbled_deepslate":307,"minecraft:rose_bush":4,"minecraft:melon_slice":16,"minecraft:furnace":6,"minecraft:iron_boots":1,"minecraft:stick":136,"minecraft:big_dripleaf":6,"minecraft:oak_fence":3,"minecraft:torch":11,"minecraft:acacia_log":33,"minecraft:porkchop":17,"minecraft:pointed_dripstone":18,"minecraft:diorite":115,"mekanism:raw_tin":1,"minecraft:rotten_flesh":88,"minecraft:obsidian":5,"minecraft:cobblestone":817,"minecraft:enchanting_table":2,"minecraft:birch_log":41,"minecraft:feather":11,"minecraft:andesite":25,"minecraft:tuff":26,"minecraft:lapis_lazuli":126,"minecraft:dirt":103,"minecraft:name_tag":1,"minecraft:bone":47,"minecraft:acacia_planks":6,"minecraft:bow":2,"minecraft:wheat_seeds":106,"minecraft:raw_gold":106,"minecraft:bamboo":126,"minecraft:diamond_helmet":1,"minecraft:moss_block":2,"minecraft:oak_planks":32,"minecraft:grass_block":3,"travelersbackpack:white_sleeping_bag":3,"minecraft:diamond":25,"minecraft:granite":87,"minecraft:bone_meal":36,"minecraft:oak_sapling":123,"minecraft:bricks":2,"minecraft:diamond_pickaxe":1,"minecraft:crafting_table":9,"minecraft:chicken":13,"minecraft:clay_ball":12,"minecraft:wooden_pickaxe":1,"minecraft:gold_block":14,"minecraft:moss_carpet":6,"minecraft:iron_axe":2,"minecraft:iron_shovel":1,"minecraft:beef":9,"minecraft:light_gray_wool":1,"minecraft:sugar_cane":6,"minecraft:chest":2,"minecraft:birch_sapling":11,"minecraft:egg":2,"minecraft:raw_iron":187,"minecraft:redstone":57,"minecraft:arrow":80,"minecraft:diamond_chestplate":1,"minecraft:diamond_boots":1,"minecraft:hay_block":15,"minecraft:gold_ingot":3,"minecraft:mutton":15,"minecraft:rail":3,"minecraft:white_wool":9,"mekanism:raw_lead":4,"minecraft:glow_ink_sac":7,"minecraft:leather":7,"minecraft:birch_planks":11,"minecraft:oak_log":477,"minecraft:gunpowder":2,"minecraft:apple":15,"minecraft:stone_bricks":2,"minecraft:iron_ingot":28,"minecraft:glass_bottle":1,"minecraft:acacia_sapling":6,"minecraft:iron_sword":2,"minecraft:book":8,"minecraft:dandelion":1,"minecraft:dripstone_block":6,"minecraft:gravel":3,"minecraft:amethyst_shard":12,"minecraft:white_bed":2,"mekanism:raw_osmium":2,"minecraft:spider_eye":3,"mekanism:fluorite_gem":4,"minecraft:coal":251,"minecraft:ender_pearl":4},"minecraft:killed_by":{"minecraft:blaze":1},"minecraft:custom":{"minecraft:interact_with_crafting_table":101,"minecraft:leave_game":10,"minecraft:time_since_death":1787,"minecraft:sprint_one_cm":940279,"minecraft:damage_blocked_by_shield":2620,"minecraft:drop":117,"minecraft:play_time":310613,"minecraft:deaths":1,"minecraft:jump":5673,"minecraft:walk_on_water_one_cm":62268,"minecraft:interact_with_furnace":127,"minecraft:sleep_in_bed":6,"minecraft:waystone_activated":3,"minecraft:damage_dealt":30187,"minecraft:crouch_one_cm":43790,"minecraft:interact_with_smithing_table":5,"minecraft:mob_kills":182,"minecraft:climb_one_cm":5794,"minecraft:walk_one_cm":573137,"minecraft:sneak_time":10577,"minecraft:walk_under_water_one_cm":22608,"minecraft:boat_one_cm":78570,"minecraft:total_world_time":310613,"minecraft:time_since_rest":2079,"minecraft:damage_taken":5321,"minecraft:damage_absorbed":40,"minecraft:swim_one_cm":70333,"minecraft:fly_one_cm":907175,"minecraft:open_chest":86,"minecraft:fall_one_cm":148910},"minecraft:broken":{"minecraft:stone_pickaxe":1,"minecraft:stone_axe":1,"minecraft:iron_sword":2,"minecraft:iron_axe":1,"minecraft:iron_pickaxe":4,"minecraft:iron_helmet":1},"minecraft:killed":{"minecraft:cave_spider":6,"minecraft:zombified_piglin":1,"minecraft:witch":2,"minecraft:spider":5,"minecraft:skeleton":44,"minecraft:chicken":13,"minecraft:pig":7,"minecraft:creeper":1,"minecraft:sheep":10,"minecraft:zombie":76,"minecraft:cow":5,"minecraft:blaze":1,"mca:female_zombie_villager":2,"mekanismadditions:baby_skeleton":3,"minecraft:enderman":2},"minecraft:mined":{"minecraft:large_amethyst_bud":3,"minecraft:white_bed":2,"minecraft:obsidian":5,"minecraft:granite":71,"minecraft:budding_amethyst":2,"minecraft:acacia_log":37,"minecraft:grass_block":24,"minecraft:oak_wall_sign":1,"minecraft:spawner":1,"minecraft:sculk_catalyst":2,"minecraft:iron_ore":125,"minecraft:deepslate_lapis_ore":9,"minecraft:pointed_dripstone":2,"minecraft:cave_vines":1,"minecraft:small_amethyst_bud":2,"minecraft:deepslate_redstone_ore":8,"mekanism:osmium_ore":2,"minecraft:medium_amethyst_bud":2,"minecraft:amethyst_cluster":3,"minecraft:clay":3,"minecraft:torch":4,"minecraft:melon":3,"minecraft:chest":2,"mekanism:tin_ore":1,"minecraft:cobblestone":15,"minecraft:sugar_cane":2,"minecraft:oak_planks":19,"minecraft:bricks":2,"minecraft:wall_torch":3,"minecraft:amethyst_block":11,"minecraft:birch_log":41,"minecraft:lapis_block":3,"minecraft:wheat":48,"minecraft:grass":54,"minecraft:oak_log":301,"mekanism:lead_ore":4,"minecraft:dirt":21,"minecraft:oak_leaves":6,"minecraft:deepslate":300,"minecraft:tuff":24,"minecraft:deepslate_diamond_ore":25,"mekanism:deepslate_osmium_ore":3,"travelersbackpack:white_sleeping_bag":3,"minecraft:hay_block":15,"minecraft:redstone_ore":2,"minecraft:furnace":6,"minecraft:andesite":25,"minecraft:gold_block":8,"minecraft:deepslate_iron_ore":63,"minecraft:bamboo":9,"minecraft:stone":660,"minecraft:smithing_table":1,"minecraft:acacia_leaves":1,"minecraft:crafting_table":9,"minecraft:rose_bush":3,"minecraft:sculk_sensor":1,"minecraft:tall_grass":1,"minecraft:lapis_ore":9,"minecraft:deepslate_gold_ore":83,"minecraft:diorite":115,"minecraft:birch_planks":9,"minecraft:birch_leaves":1,"minecraft:coal_ore":177,"minecraft:dripstone_block":2,"minecraft:gravel":3,"mekanism:deepslate_fluorite_ore":1,"minecraft:cobweb":45,"mekanism:deepslate_uranium_ore":2,"minecraft:acacia_planks":3,"minecraft:stone_bricks":2,"minecraft:small_dripleaf":1,"minecraft:gold_ore":16,"minecraft:fern":3},"minecraft:crafted":{"minecraft:oak_planks":172,"travelersbackpack:iron":2,"minecraft:oak_sign":3,"minecraft:cooked_chicken":9,"minecraft:cobblestone_stairs":4,"minecraft:cooked_mutton":7,"vanillaplustools:iron_hammer":1,"minecraft:diamond_helmet":1,"minecraft:iron_boots":2,"minecraft:bow":1,"minecraft:chest":2,"minecraft:birch_door":3,"minecraft:cooked_porkchop":15,"minecraft:crafting_table":10,"minecraft:wooden_pickaxe":1,"minecraft:iron_helmet":2,"minecraft:smithing_table":1,"minecraft:gold_block":8,"minecraft:birch_planks":144,"minecraft:iron_chestplate":2,"minecraft:diamond_pickaxe":1,"minecraft:shield":1,"minecraft:stick":32,"minecraft:iron_ingot":125,"minecraft:iron_pickaxe":14,"minecraft:stone_sword":1,"minecraft:gold_ingot":123,"minecraft:furnace":9,"minecraft:bone_meal":36,"travelersbackpack:white_sleeping_bag":2,"minecraft:iron_axe":2,"minecraft:iron_hoe":1,"minecraft:stone_pickaxe":2,"minecraft:diamond_boots":1,"minecraft:redstone_block":5,"minecraft:wheat":135,"minecraft:cooked_beef":6,"minecraft:diamond_sword":1,"minecraft:enchanting_table":1,"minecraft:iron_sword":3,"minecraft:bucket":1,"minecraft:stone_axe":1,"minecraft:acacia_boat":2,"minecraft:bread":56,"minecraft:air":0,"minecraft:golden_apple":6,"minecraft:iron_leggings":1,"minecraft:white_bed":1,"minecraft:acacia_planks":132,"minecraft:torch":96,"minecraft:lapis_block":4,"minecraft:diamond_chestplate":1}},"DataVersion":3465}