{"stats":{"minecraft:used":{"minecraft:moss_block":1,"minecraft:iron_shovel":68,"minecraft:polished_basalt":3,"minecraft:chest":9,"minecraft:shield":79,"minecraft:iron_sword":648,"minecraft:stone":24,"minecraft:rotten_flesh":2,"minecraft:iron_chestplate":2,"minecraft:carrot":20,"minecraft:iron_helmet":1,"minecraft:stone_bricks":876,"minecraft:bow":24,"minecraft:oak_sapling":1,"minecraft:furnace":14,"minecraft:egg":1,"minecraft:dark_oak_sapling":32,"minecraft:stone_pickaxe":112,"minecraft:oak_planks":91,"minecraft:blackstone":4,"minecraft:mushroom_stew":4,"minecraft:crossbow":13,"minecraft:acacia_door":2,"minecraft:dark_oak_log":1395,"minecraft:melon_slice":19,"minecraft:light_gray_concrete":2,"minecraft:bread":74,"minecraft:cyan_carpet":1,"minecraft:polished_granite":19,"minecraft:gravel":63,"minecraft:wooden_sword":2,"minecraft:oak_boat":2,"travelersbackpack:skeleton":3,"minecraft:stone_sword":28,"minecraft:flint_and_steel":1,"minecraft:stone_shovel":36,"vanillaplustools:stone_hammer":833,"minecraft:netherrack":32,"minecraft:orange_bed":1,"minecraft:torch":145,"minecraft:dirt":240,"minecraft:granite":141,"minecraft:wooden_axe":43,"minecraft:iron_block":1,"minecraft:iron_axe":2339,"minecraft:polished_deepslate_wall":1,"minecraft:iron_boots":1,"minecraft:smooth_quartz":3,"minecraft:crimson_planks":20,"minecraft:basalt":5,"minecraft:cooked_beef":8,"minecraft:acacia_planks":67,"minecraft:golden_axe":34,"minecraft:iron_leggings":1,"minecraft:calcite":1,"minecraft:wheat_seeds":5,"minecraft:cooked_mutton":11,"minecraft:acacia_boat":1,"minecraft:water_bucket":29,"minecraft:birch_planks":37,"minecraft:baked_potato":11,"minecraft:birch_boat":12,"minecraft:stonecutter":1,"minecraft:polished_blackstone_bricks":10,"minecraft:gilded_blackstone":10,"minecraft:crafting_table":20,"minecraft:red_bed":7,"vanillaplustools:stone_shovel":127,"minecraft:white_bed":3,"minecraft:oak_log":2,"minecraft:apple":6,"minecraft:cracked_polished_blackstone_bricks":2,"minecraft:iron_pickaxe":863,"minecraft:stone_axe":119,"minecraft:chiseled_stone_bricks":9,"minecraft:cobblestone":522,"minecraft:cooked_porkchop":12,"minecraft:bucket":31,"minecraft:pumpkin_pie":4,"minecraft:smooth_stone":87},"minecraft:killed_by":{"minecraft:piglin_brute":1,"minecraft:creeper":1,"minecraft:piglin":2,"minecraft:husk":1,"minecraft:skeleton":4},"minecraft:killed":{"minecraft:spider":10,"minecraft:skeleton":43,"minecraft:piglin_brute":8,"minecraft:magma_cube":57,"minecraft:piglin":15,"minecraft:creeper":2,"minecraft:sheep":2,"minecraft:trader_llama":1,"minecraft:pillager":1,"minecraft:zombie":27,"minecraft:ghast":1,"minecraft:cow":2,"minecraft:drowned":3,"minecraft:husk":21,"minecraft:hoglin":1,"minecraft:enderman":2},"minecraft:dropped":{"minecraft:birch_planks":3,"minecraft:oak_log":6,"minecraft:dark_oak_sapling":153,"minecraft:red_nether_brick_slab":1,"minecraft:lantern":1,"minecraft:red_mushroom":8,"minecraft:cracked_polished_blackstone_bricks":10,"minecraft:dirt":136,"minecraft:red_bed":1,"minecraft:dark_oak_log":19,"minecraft:cut_sandstone":1,"minecraft:wooden_sword":1,"minecraft:amethyst_shard":6,"minecraft:sand":1,"minecraft:polished_blackstone_bricks":7,"minecraft:glistering_melon_slice":6,"minecraft:acacia_door":1,"minecraft:dark_oak_planks":1,"minecraft:white_wool":1,"minecraft:gravel":24,"minecraft:compass":1,"minecraft:blackstone":1,"minecraft:iron_nugget":5,"minecraft:birch_sapling":2,"minecraft:obsidian":2,"minecraft:rotten_flesh":45,"minecraft:mangrove_sign":2,"minecraft:chiseled_stone_bricks":9,"minecraft:acacia_sapling":11,"vanillaplustools:stone_hammer":2,"minecraft:spruce_slab":1,"minecraft:red_nether_bricks":1,"minecraft:arrow":46,"minecraft:netherrack":1,"minecraft:water_bucket":1,"minecraft:iron_ingot":1,"minecraft:wheat_seeds":30,"minecraft:cobblestone":1575,"minecraft:apple":8,"minecraft:granite":51,"minecraft:grass_block":1,"minecraft:mushroom_stew":2,"minecraft:stick":1,"minecraft:diorite":15,"minecraft:wooden_axe":1,"minecraft:nether_wart_block":5,"minecraft:smooth_quartz":1,"mekanism:raw_osmium":11,"minecraft:iron_axe":1,"mekanism:salt":4,"minecraft:bowl":4,"minecraft:light_gray_concrete":2,"minecraft:filled_map":1,"minecraft:shield":1,"minecraft:sea_pickle":3,"minecraft:andesite":8,"minecraft:oak_sapling":6,"minecraft:waxed_oxidized_cut_copper":4,"minecraft:redstone_torch":1,"minecraft:spider_eye":2,"minecraft:bamboo":5,"minecraft:bow":2,"minecraft:calcite":4},"minecraft:broken":{"minecraft:stone_pickaxe":1,"minecraft:golden_axe":1,"vanillaplustools:stone_hammer":6,"minecraft:iron_axe":9,"minecraft:iron_pickaxe":1},"minecraft:custom":{"minecraft:interact_with_crafting_table":90,"minecraft:open_barrel":33,"minecraft:leave_game":12,"minecraft:time_since_death":45444,"minecraft:sprint_one_cm":1493145,"minecraft:damage_blocked_by_shield":2765,"minecraft:drop":322,"minecraft:talked_to_villager":1,"minecraft:play_time":727910,"minecraft:deaths":13,"minecraft:jump":9430,"minecraft:walk_on_water_one_cm":57212,"minecraft:interact_with_furnace":238,"minecraft:interact_with_cartography_table":1,"minecraft:interact_with_loom":1,"minecraft:sleep_in_bed":30,"minecraft:waystone_activated":4,"minecraft:damage_dealt":32156,"minecraft:crouch_one_cm":51577,"minecraft:inspect_dispenser":1,"minecraft:interact_with_smithing_table":1,"minecraft:mob_kills":202,"minecraft:climb_one_cm":23701,"minecraft:walk_one_cm":1971424,"minecraft:sneak_time":15451,"minecraft:walk_under_water_one_cm":85395,"minecraft:boat_one_cm":1094475,"minecraft:interact_with_lectern":2,"minecraft:interact_with_blast_furnace":4,"minecraft:total_world_time":727910,"minecraft:tune_noteblock":1,"minecraft:interact_with_stonecutter":23,"minecraft:time_since_rest":45478,"minecraft:damage_taken":9719,"minecraft:swim_one_cm":122890,"minecraft:fly_one_cm":1745593,"minecraft:open_chest":271,"minecraft:fall_one_cm":243813},"minecraft:picked_up":{"minecraft:iron_chestplate":3,"minecraft:wheat":36,"minecraft:lead":1,"minecraft:potion":4,"minecraft:polished_deepslate_wall":1,"minecraft:string":9,"minecraft:raw_copper":532,"minecraft:red_nether_bricks":1,"minecraft:iron_leggings":5,"vanillaplustools:stone_shovel":2,"minecraft:sea_pickle":3,"minecraft:smooth_stone":87,"minecraft:redstone_torch":1,"minecraft:calcite":8,"minecraft:smooth_quartz":4,"minecraft:iron_pickaxe":5,"minecraft:melon_slice":46,"minecraft:coal_block":8,"minecraft:furnace":10,"minecraft:iron_boots":3,"minecraft:stick":128,"minecraft:torch":34,"minecraft:acacia_log":25,"minecraft:porkchop":3,"minecraft:diorite":15,"mekanism:raw_tin":15,"minecraft:orange_bed":1,"minecraft:stone_sword":1,"minecraft:rotten_flesh":77,"minecraft:polished_basalt":3,"minecraft:iron_block":1,"minecraft:cobblestone":5207,"minecraft:birch_log":22,"minecraft:feather":8,"minecraft:cooked_beef":7,"minecraft:magma_cream":4,"minecraft:water_bucket":3,"minecraft:andesite":8,"minecraft:potato":17,"minecraft:flint":22,"minecraft:dirt":497,"minecraft:lantern":1,"minecraft:polished_granite":19,"minecraft:name_tag":3,"minecraft:bone":56,"minecraft:acacia_planks":24,"minecraft:bow":7,"minecraft:wheat_seeds":133,"minecraft:raw_gold":5,"minecraft:grindstone":1,"minecraft:bamboo":10,"minecraft:moss_block":1,"minecraft:oak_planks":104,"minecraft:ghast_tear":1,"minecraft:sand":21,"minecraft:grass_block":1,"minecraft:dark_oak_log":2257,"minecraft:light_gray_concrete":4,"minecraft:cracked_polished_blackstone_bricks":12,"minecraft:granite":376,"minecraft:golden_apple":1,"minecraft:emerald":9,"minecraft:bread":254,"minecraft:oak_sapling":7,"minecraft:netherrack":33,"minecraft:charcoal":15,"minecraft:waxed_oxidized_cut_copper":8,"minecraft:crafting_table":20,"minecraft:clay_ball":144,"minecraft:gold_block":4,"minecraft:shield":3,"minecraft:red_bed":9,"minecraft:iron_axe":4,"minecraft:acacia_door":3,"minecraft:flint_and_steel":1,"minecraft:item_frame":1,"minecraft:compass":1,"minecraft:iron_shovel":2,"minecraft:blackstone":5,"minecraft:cyan_carpet":2,"minecraft:beef":3,"minecraft:player_head":2,"minecraft:spruce_slab":2,"minecraft:birch_sapling":2,"minecraft:chest":3,"minecraft:egg":1,"minecraft:dark_oak_sapling":185,"minecraft:raw_iron":137,"minecraft:polished_blackstone_bricks":17,"minecraft:mangrove_sign":4,"minecraft:carrot":1,"minecraft:redstone":12,"minecraft:iron_horse_armor":1,"minecraft:stone_shovel":2,"minecraft:arrow":100,"minecraft:pumpkin_pie":4,"minecraft:diamond_boots":1,"minecraft:hay_block":48,"minecraft:glistering_melon_slice":6,"minecraft:saddle":1,"minecraft:gold_ingot":6,"minecraft:mutton":6,"minecraft:white_wool":11,"minecraft:bone_block":79,"minecraft:basalt":5,"mekanism:raw_lead":11,"minecraft:crimson_stem":5,"minecraft:salmon":1,"minecraft:cut_sandstone":1,"minecraft:leather":4,"minecraft:red_mushroom":8,"minecraft:filled_map":6,"minecraft:birch_planks":1,"minecraft:mushroom_stew":4,"minecraft:oak_log":78,"minecraft:chainmail_chestplate":1,"minecraft:nether_wart_block":5,"minecraft:gunpowder":14,"mca:book_romance":1,"minecraft:white_banner":1,"mekanism:salt":16,"minecraft:apple":20,"minecraft:stone_bricks":88,"minecraft:stone_pickaxe":6,"minecraft:iron_ingot":10,"travelersbackpack:skeleton":1,"minecraft:iron_sword":4,"minecraft:acacia_sapling":12,"minecraft:book":129,"minecraft:birch_boat":11,"minecraft:chiseled_stone_bricks":9,"minecraft:gravel":90,"minecraft:white_bed":2,"mekanism:raw_osmium":83,"minecraft:spider_eye":4,"minecraft:stone_axe":4,"minecraft:iron_helmet":3,"vanillaplustools:stone_hammer":4,"minecraft:red_nether_brick_slab":1,"minecraft:baked_potato":10,"minecraft:damaged_anvil":1,"minecraft:coal":445,"minecraft:ender_pearl":2},"minecraft:mined":{"minecraft:dark_oak_planks":2,"minecraft:red_nether_brick_slab":1,"minecraft:white_bed":2,"minecraft:jungle_leaves":2,"minecraft:red_nether_bricks":1,"minecraft:granite":415,"minecraft:acacia_log":18,"minecraft:grass_block":60,"minecraft:cracked_polished_blackstone_bricks":12,"minecraft:coal_block":8,"minecraft:chiseled_stone_bricks":9,"minecraft:spawner":3,"minecraft:smooth_stone":87,"minecraft:polished_blackstone_bricks":12,"minecraft:glowstone":1,"minecraft:iron_ore":112,"minecraft:fire":14,"minecraft:light_gray_concrete":3,"minecraft:iron_block":1,"minecraft:player_head":1,"minecraft:orange_bed":1,"mekanism:osmium_ore":79,"minecraft:red_bed":8,"minecraft:blackstone":6,"minecraft:soul_fire":12,"mekanism:block_salt":4,"minecraft:clay":37,"minecraft:torch":8,"minecraft:calcite":5,"minecraft:melon":1,"minecraft:chest":2,"mekanism:tin_ore":16,"minecraft:mushroom_stem":2,"minecraft:cobblestone":9,"minecraft:grindstone":1,"minecraft:damaged_anvil":1,"minecraft:wall_torch":3,"minecraft:chain":1,"minecraft:nether_wart_block":1,"minecraft:light_gray_stained_glass":2,"minecraft:birch_log":22,"minecraft:wheat":38,"minecraft:grass":39,"minecraft:oak_log":71,"mekanism:lead_ore":11,"minecraft:dirt":401,"minecraft:sand":21,"minecraft:smooth_quartz":2,"minecraft:netherrack":29,"minecraft:polished_deepslate_wall":1,"minecraft:oak_leaves":35,"minecraft:dark_oak_log":2323,"gravestone:gravestone":5,"minecraft:white_stained_glass":3,"minecraft:red_mushroom":1,"minecraft:crimson_stem":5,"minecraft:hay_block":37,"minecraft:furnace":10,"minecraft:polished_basalt":3,"minecraft:andesite":7,"minecraft:gold_block":2,"minecraft:bookshelf":25,"minecraft:vine":1,"minecraft:lantern":1,"minecraft:stone":6049,"minecraft:bone_block":77,"minecraft:basalt":4,"minecraft:polished_granite":19,"minecraft:crafting_table":15,"minecraft:emerald_ore":9,"minecraft:tall_grass":2,"minecraft:copper_ore":156,"minecraft:diorite":15,"minecraft:birch_planks":1,"minecraft:sea_pickle":1,"minecraft:birch_leaves":3,"minecraft:coal_ore":394,"minecraft:gravel":157,"minecraft:cyan_carpet":1,"minecraft:cobweb":1,"minecraft:stone_bricks":88,"minecraft:gold_ore":5,"minecraft:fern":3},"minecraft:crafted":{"minecraft:oak_planks":256,"minecraft:smooth_stone":140,"mekanism:ingot_osmium":56,"minecraft:birch_boat":3,"minecraft:stone":1071,"minecraft:cooked_mutton":6,"minecraft:glass":20,"minecraft:bow":4,"minecraft:iron_boots":2,"minecraft:chest":8,"vanillaplustools:stone_shovel":2,"minecraft:chiseled_stone_bricks":9,"minecraft:stone_bricks":14,"minecraft:arrow":32,"minecraft:cooked_porkchop":3,"minecraft:crafting_table":6,"minecraft:iron_helmet":2,"minecraft:birch_planks":88,"minecraft:iron_chestplate":2,"minecraft:shield":3,"minecraft:stick":132,"minecraft:iron_ingot":123,"minecraft:iron_pickaxe":4,"minecraft:stone_sword":1,"minecraft:gold_ingot":4,"minecraft:wooden_sword":1,"minecraft:stone_shovel":18,"vanillaplustools:stone_hammer":8,"minecraft:furnace":6,"minecraft:iron_axe":12,"minecraft:stone_pickaxe":73,"minecraft:dark_oak_planks":16,"minecraft:wheat":432,"minecraft:cooked_beef":3,"minecraft:crimson_planks":20,"minecraft:iron_sword":3,"minecraft:bucket":1,"minecraft:stone_axe":1,"minecraft:acacia_boat":1,"minecraft:bread":157,"minecraft:air":0,"minecraft:oak_boat":2,"minecraft:wooden_axe":1,"minecraft:iron_shovel":1,"minecraft:iron_leggings":2,"minecraft:stonecutter":1,"minecraft:white_bed":1,"minecraft:acacia_planks":100,"minecraft:torch":108}},"DataVersion":3465}