{"stats":{"minecraft:used":{"minecraft:moss_block":1,"minecraft:iron_shovel":84,"minecraft:bone_block":1,"minecraft:chest":10,"minecraft:polished_basalt":3,"minecraft:shield":137,"minecraft:iron_sword":892,"minecraft:stone":24,"minecraft:rotten_flesh":2,"minecraft:iron_chestplate":2,"minecraft:carrot":20,"minecraft:lava_bucket":2,"minecraft:iron_helmet":1,"minecraft:stone_bricks":876,"minecraft:bow":34,"minecraft:dark_oak_boat":2,"minecraft:oak_sapling":1,"minecraft:furnace":17,"minecraft:egg":1,"minecraft:dark_oak_sapling":32,"minecraft:stone_pickaxe":112,"minecraft:oak_planks":91,"minecraft:blackstone":4,"minecraft:mushroom_stew":4,"minecraft:crossbow":13,"minecraft:acacia_door":2,"minecraft:dark_oak_log":1395,"minecraft:melon_slice":19,"minecraft:light_gray_concrete":2,"minecraft:bread":74,"minecraft:cyan_carpet":1,"mekanism:metallurgic_infuser":2,"minecraft:polished_granite":19,"minecraft:gravel":63,"minecraft:wooden_sword":2,"minecraft:andesite":7,"minecraft:oak_boat":2,"travelersbackpack:skeleton":3,"minecraft:iron_bars":17,"minecraft:stone_sword":28,"minecraft:flint_and_steel":1,"minecraft:stone_shovel":36,"vanillaplustools:stone_hammer":895,"minecraft:netherrack":32,"minecraft:orange_bed":1,"minecraft:torch":276,"minecraft:dirt":240,"minecraft:granite":143,"minecraft:dark_oak_planks":12,"minecraft:wooden_axe":43,"minecraft:iron_block":1,"minecraft:iron_axe":2366,"mekanismgenerators:heat_generator":3,"minecraft:polished_deepslate_wall":1,"minecraft:iron_boots":1,"minecraft:smooth_quartz":3,"minecraft:crimson_planks":20,"minecraft:basalt":5,"minecraft:cooked_beef":18,"minecraft:cobbled_deepslate":93,"minecraft:acacia_planks":67,"minecraft:golden_axe":34,"minecraft:iron_leggings":1,"minecraft:calcite":1,"minecraft:wheat_seeds":5,"minecraft:cooked_mutton":19,"minecraft:acacia_boat":1,"minecraft:water_bucket":42,"minecraft:birch_planks":37,"minecraft:baked_potato":11,"minecraft:birch_boat":12,"minecraft:stonecutter":1,"minecraft:polished_blackstone_bricks":10,"minecraft:gilded_blackstone":10,"minecraft:crafting_table":26,"minecraft:red_bed":7,"vanillaplustools:stone_shovel":136,"minecraft:white_bed":4,"minecraft:oak_log":2,"minecraft:apple":6,"minecraft:cracked_polished_blackstone_bricks":2,"minecraft:iron_pickaxe":1194,"travelersbackpack:white_sleeping_bag":3,"minecraft:stone_axe":119,"minecraft:chiseled_stone_bricks":9,"minecraft:cobblestone":590,"minecraft:porkchop":2,"minecraft:cooked_porkchop":16,"minecraft:bucket":54,"minecraft:pumpkin_pie":4,"minecraft:smooth_stone":87},"minecraft:dropped":{"minecraft:birch_planks":3,"minecraft:oak_log":6,"minecraft:dark_oak_sapling":153,"minecraft:red_nether_brick_slab":1,"minecraft:lantern":1,"minecraft:red_mushroom":8,"minecraft:cracked_polished_blackstone_bricks":10,"minecraft:dirt":227,"minecraft:red_bed":1,"minecraft:dark_oak_log":19,"minecraft:cut_sandstone":1,"minecraft:wooden_sword":1,"minecraft:amethyst_shard":6,"minecraft:sand":1,"minecraft:polished_blackstone_bricks":7,"minecraft:glistering_melon_slice":6,"minecraft:acacia_door":1,"minecraft:dark_oak_planks":2,"minecraft:white_wool":1,"minecraft:gravel":24,"minecraft:compass":1,"minecraft:blackstone":1,"minecraft:iron_nugget":5,"minecraft:cobbled_deepslate":2,"minecraft:birch_sapling":2,"minecraft:obsidian":2,"minecraft:rotten_flesh":56,"minecraft:mangrove_sign":2,"minecraft:chiseled_stone_bricks":9,"minecraft:acacia_sapling":11,"vanillaplustools:stone_hammer":2,"minecraft:spruce_slab":1,"minecraft:red_nether_bricks":1,"minecraft:arrow":46,"minecraft:netherrack":1,"minecraft:egg":2,"minecraft:water_bucket":1,"minecraft:iron_ingot":1,"minecraft:wheat_seeds":30,"minecraft:cobblestone":1763,"minecraft:apple":8,"minecraft:granite":55,"minecraft:grass_block":1,"minecraft:mushroom_stew":2,"minecraft:stick":2,"minecraft:diorite":22,"minecraft:torch":1,"minecraft:nether_wart_block":5,"minecraft:wooden_axe":1,"minecraft:smooth_quartz":1,"mekanism:raw_osmium":11,"minecraft:iron_axe":1,"mekanism:salt":4,"minecraft:bowl":4,"minecraft:light_gray_concrete":2,"minecraft:filled_map":1,"minecraft:shield":1,"minecraft:sea_pickle":3,"minecraft:andesite":53,"minecraft:oak_sapling":6,"minecraft:waxed_oxidized_cut_copper":4,"minecraft:redstone_torch":1,"minecraft:spider_eye":2,"minecraft:bamboo":5,"minecraft:bow":2,"minecraft:calcite":4},"minecraft:picked_up":{"minecraft:iron_chestplate":3,"minecraft:wheat":36,"mekanism:raw_uranium":13,"minecraft:lead":1,"minecraft:potion":4,"minecraft:brewing_stand":1,"minecraft:polished_deepslate_wall":1,"minecraft:string":9,"mekanismgenerators:heat_generator":2,"minecraft:raw_copper":589,"minecraft:red_nether_bricks":1,"minecraft:iron_leggings":5,"vanillaplustools:stone_shovel":2,"minecraft:sea_pickle":3,"minecraft:cobbled_deepslate":95,"minecraft:smooth_stone":87,"minecraft:redstone_torch":1,"minecraft:calcite":8,"minecraft:smooth_quartz":4,"minecraft:iron_pickaxe":5,"minecraft:melon_slice":46,"minecraft:coal_block":8,"minecraft:furnace":13,"minecraft:iron_boots":3,"minecraft:stick":128,"minecraft:torch":64,"minecraft:acacia_log":25,"minecraft:porkchop":18,"minecraft:diorite":22,"mekanism:raw_tin":35,"minecraft:orange_bed":1,"minecraft:stone_sword":1,"minecraft:rotten_flesh":88,"minecraft:polished_basalt":3,"minecraft:iron_block":1,"minecraft:iron_bars":2,"minecraft:cobblestone":5517,"minecraft:birch_log":22,"minecraft:feather":8,"minecraft:cooked_beef":7,"minecraft:magma_cream":4,"minecraft:water_bucket":3,"minecraft:andesite":60,"minecraft:dark_oak_boat":1,"minecraft:potato":17,"minecraft:flint":22,"minecraft:lapis_lazuli":10,"minecraft:dirt":555,"minecraft:lantern":1,"minecraft:polished_granite":19,"minecraft:name_tag":3,"minecraft:bone":85,"minecraft:acacia_planks":24,"minecraft:bow":9,"minecraft:wheat_seeds":133,"minecraft:raw_gold":12,"minecraft:grindstone":1,"minecraft:bamboo":10,"minecraft:moss_block":1,"minecraft:oak_planks":104,"minecraft:ghast_tear":1,"mekanism:metallurgic_infuser":1,"minecraft:sand":21,"minecraft:grass_block":1,"minecraft:dark_oak_log":2257,"travelersbackpack:white_sleeping_bag":3,"minecraft:light_gray_concrete":4,"minecraft:diamond":1,"minecraft:cracked_polished_blackstone_bricks":12,"minecraft:granite":382,"minecraft:golden_apple":1,"minecraft:emerald":12,"minecraft:bread":254,"minecraft:oak_sapling":7,"minecraft:netherrack":33,"minecraft:charcoal":15,"minecraft:waxed_oxidized_cut_copper":8,"minecraft:crafting_table":26,"minecraft:clay_ball":144,"minecraft:pink_wool":1,"minecraft:gold_block":4,"minecraft:shield":3,"minecraft:red_bed":9,"minecraft:iron_axe":4,"minecraft:acacia_door":3,"minecraft:flint_and_steel":1,"minecraft:item_frame":1,"minecraft:compass":1,"minecraft:iron_shovel":2,"minecraft:blackstone":5,"minecraft:cyan_carpet":2,"minecraft:beef":18,"minecraft:player_head":2,"minecraft:spruce_slab":2,"minecraft:birch_sapling":2,"minecraft:chest":3,"minecraft:egg":3,"minecraft:dark_oak_sapling":185,"minecraft:raw_iron":188,"minecraft:note_block":1,"minecraft:polished_blackstone_bricks":17,"minecraft:mangrove_sign":4,"minecraft:carrot":1,"minecraft:redstone":103,"minecraft:iron_horse_armor":1,"minecraft:arrow":129,"minecraft:stone_shovel":2,"minecraft:pumpkin_pie":4,"minecraft:diamond_boots":1,"minecraft:hay_block":86,"minecraft:glistering_melon_slice":6,"minecraft:saddle":1,"minecraft:gold_ingot":6,"minecraft:mutton":26,"minecraft:bone_block":80,"minecraft:white_wool":21,"minecraft:basalt":5,"mekanism:raw_lead":45,"minecraft:crimson_stem":5,"minecraft:salmon":1,"minecraft:cut_sandstone":1,"minecraft:leather":18,"minecraft:red_mushroom":8,"minecraft:filled_map":6,"minecraft:birch_planks":1,"minecraft:mushroom_stew":4,"minecraft:oak_log":78,"minecraft:chainmail_chestplate":1,"minecraft:yellow_bed":1,"minecraft:nether_wart_block":5,"minecraft:gunpowder":18,"mca:book_romance":1,"minecraft:white_banner":1,"mekanism:salt":16,"minecraft:apple":20,"minecraft:stone_bricks":88,"minecraft:iron_ingot":10,"minecraft:stone_pickaxe":6,"travelersbackpack:skeleton":1,"minecraft:iron_sword":4,"minecraft:acacia_sapling":12,"minecraft:book":189,"minecraft:birch_boat":11,"minecraft:chiseled_stone_bricks":9,"minecraft:gravel":90,"minecraft:white_bed":2,"mekanism:raw_osmium":121,"minecraft:spider_eye":4,"minecraft:stone_axe":4,"minecraft:iron_helmet":3,"mekanism:fluorite_gem":30,"vanillaplustools:stone_hammer":4,"minecraft:red_nether_brick_slab":1,"minecraft:baked_potato":10,"minecraft:damaged_anvil":1,"minecraft:coal":545,"minecraft:ender_pearl":3},"minecraft:killed_by":{"minecraft:piglin_brute":1,"minecraft:creeper":1,"minecraft:piglin":2,"minecraft:husk":1,"minecraft:skeleton":4},"minecraft:custom":{"minecraft:interact_with_crafting_table":111,"minecraft:open_barrel":33,"minecraft:leave_game":16,"minecraft:time_since_death":184569,"minecraft:sprint_one_cm":1743318,"minecraft:damage_blocked_by_shield":4375,"minecraft:drop":352,"minecraft:play_noteblock":2,"minecraft:talked_to_villager":1,"minecraft:play_time":867035,"minecraft:deaths":13,"minecraft:jump":11636,"minecraft:walk_on_water_one_cm":85934,"minecraft:interact_with_furnace":277,"minecraft:interact_with_cartography_table":1,"minecraft:interact_with_loom":1,"minecraft:sleep_in_bed":34,"minecraft:waystone_activated":4,"minecraft:damage_dealt":44407,"minecraft:crouch_one_cm":65806,"minecraft:inspect_dispenser":1,"minecraft:horse_one_cm":144755,"minecraft:interact_with_smithing_table":1,"minecraft:mob_kills":285,"minecraft:climb_one_cm":26764,"minecraft:walk_one_cm":2342692,"minecraft:sneak_time":21218,"minecraft:walk_under_water_one_cm":98918,"minecraft:boat_one_cm":1181415,"minecraft:interact_with_lectern":2,"minecraft:interact_with_blast_furnace":4,"minecraft:total_world_time":867035,"minecraft:tune_noteblock":11,"minecraft:interact_with_stonecutter":23,"minecraft:time_since_rest":3911,"minecraft:damage_taken":11341,"minecraft:swim_one_cm":128845,"minecraft:fly_one_cm":2108528,"minecraft:open_chest":303,"minecraft:fall_one_cm":295856},"minecraft:broken":{"minecraft:stone_pickaxe":1,"minecraft:golden_axe":1,"vanillaplustools:stone_hammer":6,"minecraft:iron_axe":9,"minecraft:iron_pickaxe":1,"minecraft:iron_helmet":1},"minecraft:killed":{"minecraft:spider":10,"minecraft:skeleton":68,"minecraft:piglin_brute":8,"minecraft:magma_cube":57,"minecraft:piglin":15,"minecraft:pig":7,"minecraft:creeper":6,"minecraft:sheep":13,"minecraft:trader_llama":1,"minecraft:pillager":1,"minecraft:zombie":50,"minecraft:ghast":1,"minecraft:cow":10,"mekanismadditions:baby_skeleton":3,"minecraft:drowned":3,"minecraft:husk":21,"minecraft:hoglin":1,"minecraft:enderman":2},"minecraft:mined":{"minecraft:dark_oak_planks":2,"minecraft:red_nether_brick_slab":1,"minecraft:white_bed":2,"minecraft:jungle_leaves":2,"minecraft:red_nether_bricks":1,"minecraft:brewing_stand":1,"minecraft:granite":421,"minecraft:acacia_log":18,"minecraft:grass_block":66,"minecraft:cracked_polished_blackstone_bricks":12,"minecraft:coal_block":8,"minecraft:chiseled_stone_bricks":9,"minecraft:spawner":3,"minecraft:smooth_stone":87,"minecraft:polished_blackstone_bricks":12,"minecraft:glowstone":1,"minecraft:cobbled_deepslate":4,"minecraft:iron_ore":156,"minecraft:fire":14,"minecraft:deepslate_lapis_ore":2,"minecraft:iron_bars":2,"minecraft:light_gray_concrete":3,"minecraft:iron_block":1,"minecraft:player_head":1,"minecraft:orange_bed":1,"minecraft:deepslate_redstone_ore":20,"mekanism:osmium_ore":119,"minecraft:red_bed":8,"minecraft:blackstone":6,"minecraft:soul_fire":12,"minecraft:powder_snow":2,"mekanism:block_salt":4,"minecraft:note_block":1,"minecraft:clay":37,"minecraft:torch":33,"minecraft:calcite":5,"minecraft:melon":1,"minecraft:chest":2,"mekanism:tin_ore":31,"minecraft:mushroom_stem":2,"minecraft:cobblestone":9,"minecraft:grindstone":1,"minecraft:damaged_anvil":1,"minecraft:wall_torch":5,"minecraft:chain":1,"mekanism:fluorite_ore":6,"minecraft:nether_wart_block":1,"minecraft:light_gray_stained_glass":2,"minecraft:birch_log":22,"minecraft:wheat":38,"minecraft:lilac":1,"minecraft:stone_brick_stairs":1,"minecraft:grass":55,"mekanism:deepslate_tin_ore":5,"minecraft:oak_log":71,"mekanism:lead_ore":36,"minecraft:dirt":457,"minecraft:sand":21,"minecraft:smooth_quartz":2,"minecraft:netherrack":29,"minecraft:polished_deepslate_wall":1,"minecraft:oak_leaves":36,"minecraft:deepslate":92,"minecraft:deepslate_diamond_ore":1,"minecraft:dark_oak_log":2323,"mekanismgenerators:heat_generator":2,"gravestone:gravestone":5,"minecraft:white_stained_glass":3,"travelersbackpack:white_sleeping_bag":3,"minecraft:red_mushroom":1,"minecraft:crimson_stem":5,"minecraft:hay_block":75,"minecraft:furnace":13,"minecraft:polished_basalt":3,"minecraft:andesite":61,"minecraft:gold_block":2,"minecraft:bookshelf":45,"minecraft:deepslate_iron_ore":11,"minecraft:vine":1,"minecraft:lantern":1,"minecraft:stone":6378,"minecraft:bone_block":78,"mekanism:deepslate_lead_ore":9,"minecraft:basalt":4,"minecraft:polished_granite":19,"minecraft:crafting_table":21,"minecraft:emerald_ore":12,"minecraft:tall_grass":3,"minecraft:copper_ore":170,"minecraft:deepslate_gold_ore":7,"mekanism:metallurgic_infuser":1,"minecraft:diorite":22,"minecraft:birch_planks":1,"minecraft:sea_pickle":1,"minecraft:birch_leaves":3,"minecraft:yellow_bed":1,"minecraft:coal_ore":467,"minecraft:gravel":157,"minecraft:cyan_carpet":1,"mekanism:deepslate_fluorite_ore":4,"mekanism:deepslate_uranium_ore":13,"minecraft:cobweb":1,"minecraft:stone_bricks":88,"minecraft:gold_ore":5,"minecraft:fern":3},"minecraft:crafted":{"minecraft:oak_planks":256,"minecraft:smooth_stone":140,"minecraft:dark_oak_boat":1,"mekanism:ingot_osmium":115,"minecraft:birch_boat":3,"minecraft:stone":1071,"mekanismgenerators:heat_generator":1,"minecraft:cooked_mutton":24,"minecraft:iron_bars":16,"minecraft:glass":20,"minecraft:bow":6,"minecraft:iron_boots":5,"minecraft:chest":9,"vanillaplustools:stone_shovel":2,"minecraft:chiseled_stone_bricks":9,"minecraft:stone_bricks":14,"mekanism:ingot_tin":18,"minecraft:arrow":32,"minecraft:cooked_porkchop":16,"minecraft:crafting_table":6,"minecraft:iron_helmet":4,"minecraft:copper_ingot":4,"minecraft:birch_planks":88,"mekanism:ingot_lead":11,"minecraft:iron_chestplate":5,"minecraft:shield":3,"minecraft:stick":156,"minecraft:iron_ingot":148,"minecraft:iron_pickaxe":7,"minecraft:stone_sword":1,"minecraft:gold_ingot":9,"minecraft:wooden_sword":1,"minecraft:stone_shovel":18,"vanillaplustools:stone_hammer":8,"minecraft:furnace":9,"travelersbackpack:white_sleeping_bag":1,"minecraft:iron_axe":12,"minecraft:stone_pickaxe":73,"minecraft:dark_oak_planks":272,"minecraft:wheat":432,"minecraft:cooked_beef":14,"minecraft:crimson_planks":20,"mekanism:metallurgic_infuser":1,"minecraft:iron_sword":5,"minecraft:bucket":3,"minecraft:stone_axe":1,"minecraft:acacia_boat":1,"minecraft:bread":157,"minecraft:air":0,"minecraft:oak_boat":2,"minecraft:wooden_axe":1,"minecraft:iron_shovel":1,"minecraft:iron_leggings":4,"minecraft:stonecutter":1,"minecraft:white_bed":2,"minecraft:acacia_planks":100,"minecraft:torch":204}},"DataVersion":3465}