{"stats":{"minecraft:killed_by":{"minecraft:husk":1,"minecraft:skeleton":1},"minecraft:mined":{"minecraft:dark_oak_planks":2,"minecraft:red_nether_brick_slab":1,"minecraft:white_bed":2,"minecraft:jungle_leaves":2,"minecraft:red_nether_bricks":1,"minecraft:granite":196,"minecraft:acacia_log":18,"minecraft:grass_block":15,"minecraft:coal_block":8,"minecraft:chiseled_stone_bricks":9,"minecraft:crimson_stem":5,"minecraft:spawner":2,"minecraft:smooth_stone":87,"minecraft:hay_block":5,"minecraft:glowstone":1,"minecraft:furnace":5,"minecraft:iron_ore":72,"minecraft:fire":7,"minecraft:vine":1,"minecraft:light_gray_concrete":3,"minecraft:stone":3500,"minecraft:bone_block":62,"minecraft:orange_bed":1,"mekanism:osmium_ore":7,"minecraft:red_bed":6,"minecraft:clay":37,"minecraft:polished_granite":19,"mekanism:block_salt":4,"minecraft:crafting_table":9,"minecraft:torch":6,"minecraft:emerald_ore":2,"minecraft:calcite":5,"minecraft:melon":1,"minecraft:chest":2,"minecraft:copper_ore":20,"minecraft:tall_grass":1,"minecraft:grindstone":1,"minecraft:damaged_anvil":1,"minecraft:wall_torch":2,"minecraft:nether_wart_block":1,"minecraft:birch_log":7,"minecraft:birch_leaves":2,"minecraft:grass":10,"minecraft:oak_log":62,"minecraft:coal_ore":243,"minecraft:gravel":80,"minecraft:sand":1,"minecraft:cyan_carpet":1,"minecraft:dirt":198,"minecraft:smooth_quartz":2,"minecraft:stone_bricks":27,"minecraft:netherrack":3,"minecraft:oak_leaves":7,"minecraft:fern":3},"minecraft:killed":{"minecraft:spider":2,"minecraft:skeleton":10,"minecraft:drowned":3,"minecraft:piglin":1,"minecraft:husk":21,"minecraft:trader_llama":1,"minecraft:zombie":5,"minecraft:ghast":1,"minecraft:cow":1},"minecraft:dropped":{"minecraft:water_bucket":1,"minecraft:iron_ingot":1,"minecraft:wheat_seeds":6,"minecraft:oak_log":6,"minecraft:red_nether_brick_slab":1,"minecraft:cobblestone":17,"minecraft:apple":8,"minecraft:mushroom_stew":2,"minecraft:stick":1,"minecraft:dirt":19,"minecraft:red_bed":1,"minecraft:nether_wart_block":5,"minecraft:smooth_quartz":1,"minecraft:cut_sandstone":1,"mekanism:raw_osmium":11,"minecraft:sand":1,"minecraft:glistering_melon_slice":6,"mekanism:salt":4,"minecraft:acacia_door":1,"minecraft:white_wool":1,"minecraft:gravel":24,"minecraft:compass":1,"minecraft:iron_nugget":5,"minecraft:bowl":3,"minecraft:birch_sapling":1,"minecraft:obsidian":2,"minecraft:rotten_flesh":43,"minecraft:light_gray_concrete":2,"minecraft:mangrove_sign":2,"minecraft:chiseled_stone_bricks":9,"minecraft:filled_map":1,"minecraft:shield":1,"vanillaplustools:stone_hammer":1,"minecraft:oak_sapling":5,"minecraft:acacia_sapling":11,"minecraft:redstone_torch":1,"minecraft:spider_eye":2,"minecraft:bamboo":5,"minecraft:spruce_slab":1,"minecraft:red_nether_bricks":1,"minecraft:bow":2,"minecraft:calcite":4},"minecraft:broken":{"vanillaplustools:stone_hammer":3},"minecraft:custom":{"minecraft:mob_kills":47,"minecraft:interact_with_crafting_table":51,"minecraft:open_barrel":28,"minecraft:leave_game":5,"minecraft:time_since_death":261070,"minecraft:climb_one_cm":23701,"minecraft:sprint_one_cm":639463,"minecraft:walk_one_cm":764126,"minecraft:damage_blocked_by_shield":1045,"minecraft:drop":109,"minecraft:talked_to_villager":1,"minecraft:play_time":302852,"minecraft:sneak_time":3614,"minecraft:deaths":2,"minecraft:walk_under_water_one_cm":46950,"minecraft:interact_with_lectern":2,"minecraft:boat_one_cm":103989,"minecraft:jump":4098,"minecraft:interact_with_blast_furnace":4,"minecraft:walk_on_water_one_cm":27422,"minecraft:total_world_time":302852,"minecraft:interact_with_furnace":133,"minecraft:interact_with_cartography_table":1,"minecraft:tune_noteblock":1,"minecraft:interact_with_loom":1,"minecraft:interact_with_stonecutter":17,"minecraft:sleep_in_bed":15,"minecraft:time_since_rest":11063,"minecraft:waystone_activated":4,"minecraft:damage_taken":3448,"minecraft:damage_dealt":11720,"minecraft:swim_one_cm":85869,"minecraft:fly_one_cm":807363,"minecraft:open_chest":104,"minecraft:crouch_one_cm":13779,"minecraft:fall_one_cm":101927,"minecraft:inspect_dispenser":1},"minecraft:used":{"minecraft:stone_sword":28,"minecraft:iron_shovel":12,"minecraft:flint_and_steel":1,"minecraft:stone_shovel":36,"minecraft:chest":8,"minecraft:shield":28,"minecraft:stone":24,"minecraft:iron_sword":253,"vanillaplustools:stone_hammer":467,"minecraft:orange_bed":1,"minecraft:torch":45,"minecraft:netherrack":3,"minecraft:iron_chestplate":1,"minecraft:dirt":103,"minecraft:granite":9,"minecraft:iron_boots":1,"minecraft:smooth_quartz":3,"minecraft:crimson_planks":20,"minecraft:stone_bricks":463,"minecraft:bow":6,"minecraft:oak_sapling":1,"minecraft:furnace":11,"minecraft:cooked_beef":3,"minecraft:acacia_planks":67,"minecraft:calcite":1,"minecraft:acacia_boat":1,"minecraft:water_bucket":13,"minecraft:birch_planks":20,"minecraft:stone_pickaxe":93,"minecraft:oak_planks":72,"minecraft:stonecutter":1,"minecraft:crafting_table":11,"minecraft:red_bed":5,"minecraft:mushroom_stew":3,"vanillaplustools:stone_shovel":58,"minecraft:white_bed":3,"minecraft:oak_log":2,"minecraft:apple":1,"minecraft:acacia_door":1,"minecraft:light_gray_concrete":2,"minecraft:bread":58,"minecraft:melon_slice":19,"minecraft:iron_pickaxe":375,"minecraft:cyan_carpet":1,"minecraft:polished_granite":19,"minecraft:chiseled_stone_bricks":9,"minecraft:stone_axe":119,"minecraft:cobblestone":10,"minecraft:bucket":14,"minecraft:pumpkin_pie":4,"minecraft:oak_boat":1,"minecraft:smooth_stone":87},"minecraft:crafted":{"minecraft:smooth_stone":140,"minecraft:oak_planks":224,"minecraft:stone_shovel":18,"vanillaplustools:stone_hammer":4,"minecraft:furnace":6,"minecraft:stone":616,"minecraft:cooked_mutton":2,"minecraft:bow":3,"minecraft:iron_boots":1,"minecraft:iron_axe":2,"minecraft:stone_pickaxe":37,"minecraft:chest":6,"vanillaplustools:stone_shovel":2,"minecraft:chiseled_stone_bricks":9,"minecraft:stone_bricks":14,"minecraft:wheat":144,"minecraft:cooked_beef":3,"minecraft:crimson_planks":20,"minecraft:crafting_table":2,"minecraft:iron_helmet":1,"minecraft:iron_sword":1,"minecraft:birch_planks":28,"minecraft:stone_axe":1,"minecraft:bread":49,"minecraft:acacia_boat":1,"minecraft:air":0,"minecraft:oak_boat":1,"minecraft:iron_chestplate":1,"minecraft:shield":2,"minecraft:stick":112,"minecraft:iron_ingot":80,"minecraft:iron_pickaxe":2,"minecraft:stonecutter":1,"minecraft:stone_sword":1,"minecraft:iron_leggings":1,"minecraft:gold_ingot":4,"minecraft:white_bed":1,"minecraft:acacia_planks":100,"minecraft:torch":40},"minecraft:picked_up":{"minecraft:crafting_table":10,"minecraft:iron_chestplate":1,"minecraft:clay_ball":144,"minecraft:lead":1,"minecraft:potion":3,"minecraft:shield":1,"minecraft:raw_copper":72,"minecraft:string":2,"minecraft:red_bed":7,"minecraft:acacia_door":2,"minecraft:flint_and_steel":1,"minecraft:red_nether_bricks":1,"minecraft:iron_leggings":1,"minecraft:item_frame":1,"minecraft:compass":1,"minecraft:cyan_carpet":2,"minecraft:smooth_stone":87,"minecraft:beef":3,"minecraft:redstone_torch":1,"minecraft:calcite":8,"minecraft:smooth_quartz":4,"minecraft:iron_pickaxe":3,"minecraft:spruce_slab":2,"minecraft:melon_slice":46,"minecraft:coal_block":8,"minecraft:chest":3,"minecraft:birch_sapling":1,"minecraft:furnace":5,"minecraft:iron_boots":1,"minecraft:stick":17,"minecraft:raw_iron":97,"minecraft:torch":9,"minecraft:acacia_log":25,"minecraft:mangrove_sign":4,"minecraft:orange_bed":1,"minecraft:stone_sword":1,"minecraft:stone_shovel":2,"minecraft:arrow":18,"minecraft:rotten_flesh":63,"minecraft:pumpkin_pie":4,"minecraft:hay_block":16,"minecraft:glistering_melon_slice":6,"minecraft:saddle":1,"minecraft:gold_ingot":6,"minecraft:mutton":2,"minecraft:bone_block":64,"minecraft:white_wool":8,"minecraft:cobblestone":2546,"minecraft:birch_log":7,"minecraft:cooked_beef":1,"minecraft:crimson_stem":5,"minecraft:water_bucket":1,"minecraft:cut_sandstone":1,"minecraft:leather":4,"minecraft:filled_map":1,"minecraft:mushroom_stew":4,"minecraft:flint":8,"minecraft:oak_log":64,"minecraft:nether_wart_block":5,"minecraft:gunpowder":1,"mca:book_romance":1,"minecraft:dirt":208,"minecraft:polished_granite":19,"mekanism:salt":16,"minecraft:bone":19,"minecraft:acacia_planks":24,"minecraft:apple":1,"minecraft:stone_bricks":27,"minecraft:bow":2,"minecraft:wheat_seeds":6,"minecraft:iron_ingot":9,"minecraft:grindstone":1,"minecraft:stone_pickaxe":2,"minecraft:bamboo":10,"minecraft:acacia_sapling":12,"minecraft:iron_sword":1,"minecraft:ghast_tear":1,"minecraft:chiseled_stone_bricks":9,"minecraft:gravel":24,"minecraft:sand":1,"minecraft:white_bed":2,"mekanism:raw_osmium":11,"minecraft:spider_eye":2,"minecraft:light_gray_concrete":4,"minecraft:stone_axe":2,"minecraft:iron_helmet":1,"minecraft:granite":193,"vanillaplustools:stone_hammer":1,"minecraft:bread":73,"minecraft:emerald":2,"minecraft:red_nether_brick_slab":1,"minecraft:oak_sapling":6,"minecraft:damaged_anvil":1,"minecraft:netherrack":3,"minecraft:coal":275}},"DataVersion":3465}