{"stats":{"minecraft:killed":{"minecraft:spider":4,"minecraft:skeleton":28,"minecraft:piglin_brute":2,"minecraft:piglin":8,"minecraft:creeper":1,"minecraft:trader_llama":1,"minecraft:zombie":14,"minecraft:ghast":1,"minecraft:cow":2,"minecraft:drowned":3,"minecraft:husk":21},"minecraft:dropped":{"minecraft:oak_log":6,"minecraft:dark_oak_sapling":41,"minecraft:red_nether_brick_slab":1,"minecraft:dirt":19,"minecraft:red_bed":1,"minecraft:cut_sandstone":1,"minecraft:wooden_sword":1,"minecraft:sand":1,"minecraft:glistering_melon_slice":6,"minecraft:acacia_door":1,"minecraft:dark_oak_planks":1,"minecraft:white_wool":1,"minecraft:gravel":24,"minecraft:compass":1,"minecraft:iron_nugget":5,"minecraft:birch_sapling":1,"minecraft:obsidian":2,"minecraft:rotten_flesh":43,"minecraft:mangrove_sign":2,"minecraft:chiseled_stone_bricks":9,"minecraft:acacia_sapling":11,"vanillaplustools:stone_hammer":1,"minecraft:spruce_slab":1,"minecraft:red_nether_bricks":1,"minecraft:water_bucket":1,"minecraft:iron_ingot":1,"minecraft:wheat_seeds":22,"minecraft:cobblestone":145,"minecraft:apple":8,"minecraft:mushroom_stew":2,"minecraft:stick":1,"minecraft:wooden_axe":1,"minecraft:nether_wart_block":5,"minecraft:smooth_quartz":1,"mekanism:raw_osmium":11,"mekanism:salt":4,"minecraft:bowl":4,"minecraft:light_gray_concrete":2,"minecraft:filled_map":1,"minecraft:shield":1,"minecraft:sea_pickle":3,"minecraft:oak_sapling":6,"minecraft:waxed_oxidized_cut_copper":4,"minecraft:redstone_torch":1,"minecraft:spider_eye":2,"minecraft:bamboo":5,"minecraft:bow":2,"minecraft:calcite":4},"minecraft:picked_up":{"minecraft:iron_chestplate":3,"minecraft:wheat":36,"minecraft:lead":1,"minecraft:potion":3,"minecraft:polished_deepslate_wall":1,"minecraft:string":5,"minecraft:raw_copper":72,"minecraft:red_nether_bricks":1,"minecraft:iron_leggings":5,"minecraft:sea_pickle":3,"vanillaplustools:stone_shovel":2,"minecraft:smooth_stone":87,"minecraft:redstone_torch":1,"minecraft:calcite":8,"minecraft:smooth_quartz":4,"minecraft:iron_pickaxe":5,"minecraft:melon_slice":46,"minecraft:coal_block":8,"minecraft:furnace":5,"minecraft:iron_boots":3,"minecraft:stick":44,"minecraft:torch":12,"minecraft:acacia_log":25,"minecraft:orange_bed":1,"minecraft:stone_sword":1,"minecraft:rotten_flesh":68,"minecraft:cobblestone":2612,"minecraft:birch_log":19,"minecraft:cooked_beef":1,"minecraft:water_bucket":3,"minecraft:potato":17,"minecraft:flint":8,"minecraft:dirt":238,"minecraft:polished_granite":19,"minecraft:name_tag":3,"minecraft:bone":45,"minecraft:acacia_planks":24,"minecraft:bow":6,"minecraft:wheat_seeds":125,"minecraft:grindstone":1,"minecraft:bamboo":10,"minecraft:moss_block":1,"minecraft:oak_planks":104,"minecraft:ghast_tear":1,"minecraft:sand":1,"minecraft:dark_oak_log":499,"minecraft:light_gray_concrete":4,"minecraft:granite":193,"minecraft:golden_apple":1,"minecraft:bread":247,"minecraft:emerald":4,"minecraft:oak_sapling":7,"minecraft:netherrack":3,"minecraft:waxed_oxidized_cut_copper":8,"minecraft:crafting_table":19,"minecraft:clay_ball":144,"minecraft:shield":3,"minecraft:red_bed":9,"minecraft:acacia_door":3,"minecraft:iron_axe":2,"minecraft:flint_and_steel":1,"minecraft:compass":1,"minecraft:item_frame":1,"minecraft:iron_shovel":2,"minecraft:cyan_carpet":2,"minecraft:beef":3,"minecraft:player_head":2,"minecraft:spruce_slab":2,"minecraft:birch_sapling":1,"minecraft:chest":3,"minecraft:egg":1,"minecraft:dark_oak_sapling":41,"minecraft:raw_iron":125,"minecraft:mangrove_sign":4,"minecraft:redstone":12,"minecraft:iron_horse_armor":1,"minecraft:arrow":59,"minecraft:stone_shovel":2,"minecraft:pumpkin_pie":4,"minecraft:hay_block":48,"minecraft:glistering_melon_slice":6,"minecraft:saddle":1,"minecraft:gold_ingot":6,"minecraft:mutton":2,"minecraft:white_wool":8,"minecraft:bone_block":64,"minecraft:crimson_stem":5,"minecraft:salmon":1,"minecraft:cut_sandstone":1,"minecraft:leather":4,"minecraft:filled_map":6,"minecraft:birch_planks":1,"minecraft:mushroom_stew":4,"minecraft:oak_log":78,"minecraft:chainmail_chestplate":1,"minecraft:nether_wart_block":5,"minecraft:gunpowder":12,"mca:book_romance":1,"mekanism:salt":16,"minecraft:apple":7,"minecraft:stone_bricks":27,"minecraft:stone_pickaxe":6,"minecraft:iron_ingot":10,"minecraft:acacia_sapling":12,"minecraft:iron_sword":3,"minecraft:book":129,"minecraft:birch_boat":3,"minecraft:chiseled_stone_bricks":9,"minecraft:gravel":24,"minecraft:white_bed":2,"mekanism:raw_osmium":11,"minecraft:spider_eye":3,"minecraft:stone_axe":4,"minecraft:iron_helmet":3,"vanillaplustools:stone_hammer":3,"minecraft:red_nether_brick_slab":1,"minecraft:damaged_anvil":1,"minecraft:coal":362},"minecraft:killed_by":{"minecraft:piglin_brute":1,"minecraft:husk":1,"minecraft:skeleton":4},"minecraft:crafted":{"minecraft:oak_planks":256,"minecraft:smooth_stone":140,"minecraft:birch_boat":2,"minecraft:stone":837,"minecraft:cooked_mutton":2,"minecraft:bow":3,"minecraft:iron_boots":2,"minecraft:chest":7,"vanillaplustools:stone_shovel":2,"minecraft:chiseled_stone_bricks":9,"minecraft:stone_bricks":14,"minecraft:crafting_table":5,"minecraft:iron_helmet":2,"minecraft:birch_planks":76,"minecraft:iron_chestplate":2,"minecraft:shield":3,"minecraft:stick":124,"minecraft:iron_ingot":80,"minecraft:iron_pickaxe":3,"minecraft:stone_sword":1,"minecraft:gold_ingot":4,"minecraft:wooden_sword":1,"minecraft:stone_shovel":18,"vanillaplustools:stone_hammer":4,"minecraft:furnace":6,"minecraft:iron_axe":3,"minecraft:stone_pickaxe":37,"minecraft:dark_oak_planks":16,"minecraft:wheat":432,"minecraft:cooked_beef":3,"minecraft:crimson_planks":20,"minecraft:iron_sword":1,"minecraft:stone_axe":1,"minecraft:acacia_boat":1,"minecraft:bread":157,"minecraft:air":0,"minecraft:oak_boat":2,"minecraft:wooden_axe":1,"minecraft:iron_shovel":1,"minecraft:iron_leggings":2,"minecraft:stonecutter":1,"minecraft:white_bed":1,"minecraft:acacia_planks":100,"minecraft:torch":40},"minecraft:used":{"minecraft:moss_block":1,"minecraft:iron_shovel":15,"minecraft:chest":9,"minecraft:shield":49,"minecraft:stone":24,"minecraft:iron_sword":377,"minecraft:rotten_flesh":2,"minecraft:iron_chestplate":2,"minecraft:carrot":20,"minecraft:iron_helmet":1,"minecraft:stone_bricks":463,"minecraft:bow":17,"minecraft:furnace":11,"minecraft:oak_sapling":1,"minecraft:egg":1,"minecraft:stone_pickaxe":112,"minecraft:oak_planks":88,"minecraft:mushroom_stew":4,"minecraft:acacia_door":2,"minecraft:light_gray_concrete":2,"minecraft:bread":70,"minecraft:melon_slice":19,"minecraft:cyan_carpet":1,"minecraft:polished_granite":19,"minecraft:wooden_sword":2,"minecraft:oak_boat":2,"minecraft:stone_sword":28,"minecraft:flint_and_steel":1,"minecraft:stone_shovel":36,"vanillaplustools:stone_hammer":467,"minecraft:netherrack":3,"minecraft:orange_bed":1,"minecraft:torch":48,"minecraft:dirt":114,"minecraft:granite":9,"minecraft:wooden_axe":43,"minecraft:iron_axe":527,"minecraft:polished_deepslate_wall":1,"minecraft:iron_boots":1,"minecraft:smooth_quartz":3,"minecraft:crimson_planks":20,"minecraft:cooked_beef":3,"minecraft:acacia_planks":67,"minecraft:iron_leggings":1,"minecraft:calcite":1,"minecraft:wheat_seeds":5,"minecraft:cooked_mutton":2,"minecraft:acacia_boat":1,"minecraft:water_bucket":26,"minecraft:birch_planks":37,"minecraft:birch_boat":4,"minecraft:stonecutter":1,"minecraft:crafting_table":18,"minecraft:red_bed":7,"vanillaplustools:stone_shovel":58,"minecraft:white_bed":3,"minecraft:oak_log":2,"minecraft:apple":3,"minecraft:iron_pickaxe":503,"minecraft:stone_axe":119,"minecraft:chiseled_stone_bricks":9,"minecraft:cobblestone":80,"minecraft:bucket":27,"minecraft:pumpkin_pie":4,"minecraft:smooth_stone":87},"minecraft:custom":{"minecraft:interact_with_crafting_table":64,"minecraft:open_barrel":33,"minecraft:leave_game":7,"minecraft:time_since_death":4484,"minecraft:sprint_one_cm":938471,"minecraft:damage_blocked_by_shield":1895,"minecraft:drop":140,"minecraft:talked_to_villager":1,"minecraft:play_time":403894,"minecraft:deaths":7,"minecraft:jump":6172,"minecraft:walk_on_water_one_cm":44401,"minecraft:interact_with_furnace":149,"minecraft:interact_with_cartography_table":1,"minecraft:interact_with_loom":1,"minecraft:sleep_in_bed":24,"minecraft:waystone_activated":4,"minecraft:damage_dealt":18870,"minecraft:crouch_one_cm":16957,"minecraft:inspect_dispenser":1,"minecraft:interact_with_smithing_table":1,"minecraft:mob_kills":88,"minecraft:climb_one_cm":23701,"minecraft:walk_one_cm":1025010,"minecraft:sneak_time":4528,"minecraft:walk_under_water_one_cm":62160,"minecraft:boat_one_cm":457230,"minecraft:interact_with_lectern":2,"minecraft:interact_with_blast_furnace":4,"minecraft:total_world_time":403894,"minecraft:tune_noteblock":1,"minecraft:interact_with_stonecutter":17,"minecraft:time_since_rest":4625,"minecraft:damage_taken":5714,"minecraft:swim_one_cm":109080,"minecraft:fly_one_cm":1213675,"minecraft:open_chest":140,"minecraft:fall_one_cm":161342},"minecraft:mined":{"minecraft:dark_oak_planks":2,"minecraft:red_nether_brick_slab":1,"minecraft:white_bed":2,"minecraft:jungle_leaves":2,"minecraft:red_nether_bricks":1,"minecraft:granite":196,"minecraft:acacia_log":18,"minecraft:grass_block":25,"minecraft:coal_block":8,"minecraft:chiseled_stone_bricks":9,"minecraft:spawner":3,"minecraft:smooth_stone":87,"minecraft:glowstone":1,"minecraft:iron_ore":100,"minecraft:fire":8,"minecraft:light_gray_concrete":3,"minecraft:player_head":1,"minecraft:orange_bed":1,"mekanism:osmium_ore":7,"minecraft:red_bed":8,"mekanism:block_salt":4,"minecraft:clay":37,"minecraft:torch":6,"minecraft:calcite":5,"minecraft:melon":1,"minecraft:chest":2,"minecraft:mushroom_stem":2,"minecraft:cobblestone":2,"minecraft:grindstone":1,"minecraft:damaged_anvil":1,"minecraft:wall_torch":2,"minecraft:nether_wart_block":1,"minecraft:birch_log":19,"minecraft:light_gray_stained_glass":2,"minecraft:wheat":38,"minecraft:grass":22,"minecraft:oak_log":71,"minecraft:dirt":200,"minecraft:sand":1,"minecraft:smooth_quartz":2,"minecraft:netherrack":3,"minecraft:polished_deepslate_wall":1,"minecraft:oak_leaves":19,"minecraft:dark_oak_log":504,"minecraft:white_stained_glass":3,"minecraft:crimson_stem":5,"minecraft:hay_block":37,"minecraft:furnace":5,"minecraft:bookshelf":25,"minecraft:vine":1,"minecraft:stone":3502,"minecraft:bone_block":62,"minecraft:polished_granite":19,"minecraft:crafting_table":14,"minecraft:emerald_ore":4,"minecraft:tall_grass":2,"minecraft:copper_ore":20,"minecraft:birch_planks":1,"minecraft:sea_pickle":1,"minecraft:birch_leaves":2,"minecraft:coal_ore":330,"minecraft:gravel":80,"minecraft:cyan_carpet":1,"minecraft:stone_bricks":27,"minecraft:fern":3},"minecraft:broken":{"minecraft:stone_pickaxe":1,"vanillaplustools:stone_hammer":3,"minecraft:iron_axe":2}},"DataVersion":3465}